szd,asm,mdd,tse,dealer
SID-CORP-SZD-01,SID005,4782323,RAJF0000001,RAJD002343
SID-CORP-SZD-01,SID005,4782323,RAJF0000001,RAJD003740
SID-CORP-SZD-01,SID005,4782323,RAJF0000001,RAJD017064
SID-CORP-SZD-01,SID005,4782323,RAJF0000001,RAJD15142
SID-CORP-SZD-01,SID005,4782323,RAJF0000001,RAJD3819
SID-CORP-SZD-01,SID005,4782323,RAJF0000001,RAJD008490
SID-CORP-SZD-01,SID005,4782323,RAJF0000001,RAJD006525
SID-CORP-SZD-01,SID005,4782323,RAJF0000001,RAJD008416
SID-CORP-SZD-01,SID005,4782323,RAJF0000001,RAJD0792
SID-CORP-SZD-01,SID005,4782323,RAJF0000001,RAJD15340
SID-CORP-SZD-01,SID005,4782323,RAJF0000001,RAJD14358
SID-CORP-SZD-01,SID005,4782323,RAJF0000001,RAJD015690
SID-CORP-SZD-01,SID005,4782323,RAJF0000001,RAJD0790
SID-CORP-SZD-01,SID005,4782323,RAJF0000001,RAJD006436
SID-CORP-SZD-01,SID005,4782323,RAJF0000001,RAJD008147
SID-CORP-SZD-01,SID005,4782323,RAJF0000001,RAJD011602
SID-CORP-SZD-01,SID005,4782323,RAJF0000001,RAJD002738
SID-CORP-SZD-01,SID005,4782323,RAJF0000001,RAJD016469
SID-CORP-SZD-01,SID005,4782323,RAJF0000001,RAJD6682
SID-CORP-SZD-01,SID005,4782323,RAJF0000001,RAJD001895
SID-CORP-SZD-01,SID005,4782323,RAJF0000001,RAJD6496
SID-CORP-SZD-01,SID005,4782323,RAJF0000001,RAJD015677
SID-CORP-SZD-01,SID005,4782323,RAJF0000001,RAJD015735
SID-CORP-SZD-01,SID005,4782323,RAJF0000001,RAJD009908
SID-CORP-SZD-01,SID005,4782323,RAJF0000001,RAJD004395
SID-CORP-SZD-01,SID005,4782323,RAJF0000001,RAJD008015
SID-CORP-SZD-01,SID005,4782323,RAJF0000001,RAJD10674
SID-CORP-SZD-01,SID001,4782323,RAJF001262,RAJD015379
SID-CORP-SZD-01,SID001,4782323,RAJF001262,RAJD018333
SID-CORP-SZD-01,SID001,4782323,RAJF001262,RAJD17986
SID-CORP-SZD-01,SID001,4782323,RAJF001262,RAJD013475
SID-CORP-SZD-01,SID001,4782323,RAJF001262,RAJD016681
SID-CORP-SZD-01,SID001,4782323,RAJF001262,RAJD017386
SID-CORP-SZD-01,SID001,4782323,RAJF001262,RAJD010939
SID-CORP-SZD-01,SID001,4782323,RAJF001262,RAJD016586
SID-CORP-SZD-01,SID001,4782323,RAJF001262,RAJD4131
SID-CORP-SZD-01,SID001,4782323,RAJF001262,RAJD003907
SID-CORP-SZD-01,SID001,4782323,RAJF001262,RAJD005034
SID-CORP-SZD-01,SID001,4782323,RAJF001262,RAJD017573
SID-CORP-SZD-01,SID001,4782323,RAJF001262,RAJD16388
SID-CORP-SZD-01,SID001,4782323,RAJF001262,RAJD006925
SID-CORP-SZD-01,SID001,4782323,RAJF001262,RAJD015673
SID-CORP-SZD-01,SID001,4782323,RAJF001262,RAJD005086
SID-CORP-SZD-01,SID001,4782323,RAJF001262,RAJD015143
SID-CORP-SZD-01,SID001,4782323,RAJF001262,RAJD009884
SID-CORP-SZD-01,SID001,4782323,RAJF001262,RAJD015009
SID-CORP-SZD-01,SID001,4782323,RAJF001262,RAJD018096
SID-CORP-SZD-01,SID001,4782323,RAJF001262,RAJD018444
SID-CORP-SZD-01,SID001,4782323,RAJF001262,RAJD13064
SID-CORP-SZD-01,SID001,4782323,RAJF001262,RAJD016503
SID-CORP-SZD-01,SID001,4782323,RAJF001262,RAJD016925
SID-CORP-SZD-01,SID001,4782323,RAJF001262,RAJD017713
SID-CORP-SZD-01,SID001,4782323,RAJF001262,RAJD018073
SID-CORP-SZD-01,SID001,4782323,RAJF001262,RAJD018707
SID-CORP-SZD-01,SID001,4782323,RAJF001262,RAJD15214
SID-CORP-SZD-01,SID005,4782323,RAJF441,RAJD006295
SID-CORP-SZD-01,SID005,4782323,RAJF441,RAJD018044
SID-CORP-SZD-01,SID005,4782323,RAJF441,RAJD018050
SID-CORP-SZD-01,SID005,4782323,RAJF441,RAJD018573
SID-CORP-SZD-01,SID005,4782323,RAJF441,RAJD17181
SID-CORP-SZD-01,SID005,4782323,RAJF441,RAJD005295
SID-CORP-SZD-01,SID005,4782323,RAJF441,RAJD14941
SID-CORP-SZD-01,SID005,4782323,RAJF441,RAJD014392
SID-CORP-SZD-01,SID005,4782323,RAJF441,RAJD015835
SID-CORP-SZD-01,SID005,4782323,RAJF441,RAJD0474
SID-CORP-SZD-01,SID005,4782323,RAJF441,RAJD15724
SID-CORP-SZD-01,SID005,4782323,RAJF441,RAJD0813
SID-CORP-SZD-01,SID005,4782323,RAJF441,RAJD7736
SID-CORP-SZD-01,SID005,4782323,RAJF441,RAJD016447
SID-CORP-SZD-01,SID005,4782323,RAJF441,RAJD000394
SID-CORP-SZD-01,SID005,4782323,RAJF441,RAJD001002
SID-CORP-SZD-01,SID005,4782323,RAJF441,RAJD015373
SID-CORP-SZD-01,SID005,4782323,RAJF441,RAJD14828
SID-CORP-SZD-01,SID005,4782323,RAJF441,RAJD006916
SID-CORP-SZD-01,SID005,4782323,RAJF441,RAJD8763
SID-CORP-SZD-01,SID005,4782323,RAJF441,RAJD016501
SID-CORP-SZD-01,SID005,4782323,RAJF441,RAJD017759
SID-CORP-SZD-01,SID005,4782323,RAJF441,RAJD007663
SID-CORP-SZD-01,SID005,4782323,RAJF441,RAJD005895
SID-CORP-SZD-01,SID005,4782323,RAJF441,RAJD017360
SID-CORP-SZD-01,SID005,4782323,RAJF441,RAJD0758
SID-CORP-SZD-01,SID005,4782323,RAJF441,RAJD014757
SID-CORP-SZD-01,SID005,4782323,RAJF441,RAJD015639
SID-CORP-SZD-01,SID005,4782323,RAJF441,RAJD017783
SID-CORP-SZD-01,SID005,4782323,RAJF441,RAJD4245
SID-CORP-SZD-01,SID005,4782323,RAJF441,RAJD005876
SID-CORP-SZD-01,SID005,4782323,RAJF441,RAJD006670
SID-CORP-SZD-01,SID005,4782323,RAJF441,RAJD015433
SID-CORP-SZD-01,SID005,4782323,RAJF441,RAJD017806
SID-CORP-SZD-01,SID005,4782323,RAJF441,RAJD017538
SID-CORP-SZD-01,SID005,4782323,RAJF441,RAJD9872
SID-CORP-SZD-01,SID005,4782323,RAJF441,RAJD007896
SID-CORP-SZD-01,SID005,4782323,RAJF441,RAJD018580
SID-CORP-SZD-01,SID005,4782323,RAJF441,RAJD0897
SID-CORP-SZD-01,SID005,4782323,RAJF442,RAJD008095
SID-CORP-SZD-01,SID005,4782323,RAJF442,RAJD013894
SID-CORP-SZD-01,SID005,4782323,RAJF442,RAJD14062
SID-CORP-SZD-01,SID005,4782323,RAJF442,RAJD016137
SID-CORP-SZD-01,SID005,4782323,RAJF442,RAJD016618
SID-CORP-SZD-01,SID005,4782323,RAJF442,RAJD016924
SID-CORP-SZD-01,SID005,4782323,RAJF442,RAJD15946
SID-CORP-SZD-01,SID005,4782323,RAJF442,RAJD011236
SID-CORP-SZD-01,SID005,4782323,RAJF442,RAJD012181
SID-CORP-SZD-01,SID005,4782323,RAJF442,RAJD15692
SID-CORP-SZD-01,SID005,4782323,RAJF442,RAJD016588
SID-CORP-SZD-01,SID005,4782323,RAJF442,RAJD002710
SID-CORP-SZD-01,SID005,4782323,RAJF442,RAJD017299
SID-CORP-SZD-01,SID005,4782323,RAJF442,RAJD0800
SID-CORP-SZD-01,SID005,4782323,RAJF442,RAJD009246
SID-CORP-SZD-01,SID005,4782323,RAJF442,RAJD009269
SID-CORP-SZD-01,SID005,4782323,RAJF442,RAJD017676
SID-CORP-SZD-01,SID005,4782323,RAJF442,RAJD018013
SID-CORP-SZD-01,SID005,4782323,RAJF442,RAJD016001
SID-CORP-SZD-01,SID005,4782323,RAJF442,RAJD14295
SID-CORP-SZD-01,SID005,4782323,RAJF442,RAJD013470
SID-CORP-SZD-01,SID005,4782323,RAJF442,RAJD6385
SID-CORP-SZD-01,SID005,4782323,RAJF442,RAJD15209
SID-CORP-SZD-01,SID005,4782323,RAJF442,RAJD018341
SID-CORP-SZD-01,SID005,4782323,RAJF442,RAJD16361
SID-CORP-SZD-01,SID001,4782323,RAJF0000015,RAJD15023
SID-CORP-SZD-01,SID001,4782323,RAJF0000015,RAJD005305
SID-CORP-SZD-01,SID001,4782323,RAJF0000015,RAJD15360
SID-CORP-SZD-01,SID001,4782323,RAJF0000015,RAJD4129
SID-CORP-SZD-01,SID001,4782323,RAJF0000015,RAJD8699
SID-CORP-SZD-01,SID001,4782323,RAJF0000015,RAJD006664
SID-CORP-SZD-01,SID001,4782323,RAJF0000015,RAJD014522
SID-CORP-SZD-01,SID001,4782323,RAJF0000015,RAJD014903
SID-CORP-SZD-01,SID001,4782323,RAJF0000015,RAJD015475
SID-CORP-SZD-01,SID001,4782323,RAJF0000015,RAJD015564
SID-CORP-SZD-01,SID001,4782323,RAJF0000015,RAJD8361
SID-CORP-SZD-01,SID001,4782323,RAJF0000015,RAJD004814
SID-CORP-SZD-01,SID001,4782323,RAJF0000015,RAJD016460
SID-CORP-SZD-01,SID001,4782323,RAJF0000015,RAJD13269
SID-CORP-SZD-01,SID001,4782323,RAJF0000015,RAJD004904
SID-CORP-SZD-01,SID001,4782323,RAJF0000015,RAJD16634
SID-CORP-SZD-01,SID001,4782323,RAJF0000015,RAJD4038
SID-CORP-SZD-01,SID001,4782323,RAJF0000015,RAJD017543
SID-CORP-SZD-01,SID001,4782323,RAJF0000015,RAJD018169
SID-CORP-SZD-01,SID001,4782323,RAJF0000015,RAJD12580
SID-CORP-SZD-01,SID001,4782323,RAJF0000015,RAJD9464
SID-CORP-SZD-01,SID001,4782323,RAJF0000015,RAJD007264
SID-CORP-SZD-01,SID001,4782323,RAJF0000015,RAJD012656
SID-CORP-SZD-01,SID001,4782323,RAJF0000015,RAJD017345
SID-CORP-SZD-01,SID001,4782323,RAJF0000015,RAJD018418
SID-CORP-SZD-01,SID001,4782323,RAJF0000015,RAJD8359
SID-CORP-SZD-01,SID001,4782323,RAJF0000015,RAJD14285
SID-CORP-SZD-01,SID001,4782323,RAJF0000015,RAJD00029618
SID-CORP-SZD-01,SID001,4782323,RAJF0000015,RAJD003971
SID-CORP-SZD-01,SID001,4782323,RAJF0000015,RAJD009900
SID-CORP-SZD-01,SID001,4782323,RAJF0000015,RAJD0737
SID-CORP-SZD-01,SID001,4782323,RAJF0000015,RAJD15667
SID-CORP-SZD-01,SID001,4782323,RAJF0000015,RAJD15670
SID-CORP-SZD-01,SID001,4782323,RAJF0000015,RAJD00029524
SID-CORP-SZD-01,SID001,4782323,RAJF0000015,RAJD018439
SID-CORP-SZD-01,SID005,4782323,RAJF385,RAJD007402
SID-CORP-SZD-01,SID005,4782323,RAJF385,RAJD016573
SID-CORP-SZD-01,SID005,4782323,RAJF385,RAJD012198
SID-CORP-SZD-01,SID005,4782323,RAJF385,RAJD4343
SID-CORP-SZD-01,SID005,4782323,RAJF385,RAJD015792
SID-CORP-SZD-01,SID005,4782323,RAJF385,RAJD016150
SID-CORP-SZD-01,SID005,4782323,RAJF385,RAJD017482
SID-CORP-SZD-01,SID005,4782323,RAJF385,RAJD4135
SID-CORP-SZD-01,SID005,4782323,RAJF385,RAJD002458
SID-CORP-SZD-01,SID005,4782323,RAJF385,RAJD017396
SID-CORP-SZD-01,SID005,4782323,RAJF385,RAJD00029215
SID-CORP-SZD-01,SID005,4782323,RAJF385,RAJD002342
SID-CORP-SZD-01,SID005,4782323,RAJF385,RAJD004053
SID-CORP-SZD-01,SID005,4782323,RAJF385,RAJD009719
SID-CORP-SZD-01,SID005,4782323,RAJF385,RAJD4098
SID-CORP-SZD-01,SID005,4782323,RAJF385,RAJD0673
SID-CORP-SZD-01,SID005,4782323,RAJF385,RAJD3984
SID-CORP-SZD-01,SID005,4782323,RAJF385,RAJD0693
SID-CORP-SZD-01,SID005,4782323,RAJF385,RAJD15812
SID-CORP-SZD-01,SID005,4782323,RAJF385,RAJD3784
SID-CORP-SZD-01,SID005,4782323,RAJF385,RAJD014323
SID-CORP-SZD-01,SID005,4782323,RAJF385,RAJD017116
SID-CORP-SZD-01,SID005,4782323,RAJF385,RAJD016464
SID-CORP-SZD-01,SID005,4782323,RAJF385,RAJD0739
SID-CORP-SZD-01,SID005,4782323,RAJF385,RAJD16532
SID-CORP-SZD-01,SID005,4782323,RAJF385,RAJD001329
SID-CORP-SZD-01,SID005,4782323,RAJF385,RAJD011649
SID-CORP-SZD-01,SID005,4782323,RAJF385,RAJD0695
SID-CORP-SZD-01,SID005,4782323,RAJF385,RAJD010847
SID-CORP-SZD-01,SID005,4782323,RAJF385,RAJD4199
SID-CORP-SZD-01,SID005,4782323,RAJF385,RAJD16519
SID-CORP-SZD-01,SID005,4782323,RAJF385,RAJD003257
SID-CORP-SZD-01,SID005,4782323,RAJF385,RAJD008137
SID-CORP-SZD-01,SID005,4782323,RAJF385,RAJD008626
SID-CORP-SZD-01,SID005,4782323,RAJF385,RAJD0702
SID-CORP-SZD-01,SID005,4782323,RAJF385,RAJD15787
SID-CORP-SZD-01,SID001,4782323,RAJF579,RAJD011801
SID-CORP-SZD-01,SID001,4782323,RAJF579,RAJD17896
SID-CORP-SZD-01,SID001,4782323,RAJF579,RAJD006356
SID-CORP-SZD-01,SID001,4782323,RAJF579,RAJD016044
SID-CORP-SZD-01,SID001,4782323,RAJF579,RAJD0760
SID-CORP-SZD-01,SID001,4782323,RAJF579,RAJD15720
SID-CORP-SZD-01,SID001,4782323,RAJF579,RAJD17587
SID-CORP-SZD-01,SID001,4782323,RAJF579,RAJD003238
SID-CORP-SZD-01,SID001,4782323,RAJF579,RAJD014563
SID-CORP-SZD-01,SID001,4782323,RAJF579,RAJD015631
SID-CORP-SZD-01,SID001,4782323,RAJF579,RAJD14822
SID-CORP-SZD-01,SID001,4782323,RAJF579,RAJD16253
SID-CORP-SZD-01,SID001,4782323,RAJF579,RAJD015601
SID-CORP-SZD-01,SID001,4782323,RAJF579,RAJD002545
SID-CORP-SZD-01,SID001,4782323,RAJF579,RAJD0412
SID-CORP-SZD-01,SID001,4782323,RAJF579,RAJD016251
SID-CORP-SZD-01,SID001,4782323,RAJF579,RAJD7868
SID-CORP-SZD-01,SID001,4782323,RAJF579,RAJD008395
SID-CORP-SZD-01,SID001,4782323,RAJF579,RAJD013037
SID-CORP-SZD-01,SID001,4782323,RAJF579,RAJD8866
SID-CORP-SZD-01,SID001,4782323,RAJF579,RAJD016136
SID-CORP-SZD-01,SID001,4782323,RAJF579,RAJD018745
SID-CORP-SZD-01,SID001,4782323,RAJF964,RAJD015689
SID-CORP-SZD-01,SID001,4782323,RAJF964,RAJD017466
SID-CORP-SZD-01,SID001,4782323,RAJF964,RAJD015711
SID-CORP-SZD-01,SID001,4782323,RAJF964,RAJD017340
SID-CORP-SZD-01,SID001,4782323,RAJF964,RAJD018763
SID-CORP-SZD-01,SID001,4782323,RAJF964,RAJD016729
SID-CORP-SZD-01,SID001,4782323,RAJF964,RAJD018906
SID-CORP-SZD-01,SID001,4782323,RAJF964,RAJD00029469
SID-CORP-SZD-01,SID001,4782323,RAJF964,RAJD018297
SID-CORP-SZD-01,SID001,4782323,RAJF964,RAJD009557
SID-CORP-SZD-01,SID001,4782323,RAJF964,RAJD007642
SID-CORP-SZD-01,SID001,4782323,RAJF964,RAJD013038
SID-CORP-SZD-01,SID001,4782323,RAJF964,RAJD015891
SID-CORP-SZD-01,SID001,4782323,RAJF964,RAJD018762
SID-CORP-SZD-01,SID001,4782323,RAJF964,RAJD006620
SID-CORP-SZD-01,SID001,4782323,RAJF964,RAJD016766
SID-CORP-SZD-01,SID001,4782323,RAJF964,RAJD017615
SID-CORP-SZD-01,SID001,4782323,RAJF964,RAJD018095
SID-CORP-SZD-01,SID001,4782323,RAJF964,RAJD15221
SID-CORP-SZD-01,SID001,4782323,RAJF964,RAJD011070
SID-CORP-SZD-01,SID001,4782323,RAJF964,RAJD012663
SID-CORP-SZD-01,SID001,4782323,RAJF964,RAJD0823
SID-CORP-SZD-01,SID001,4782323,RAJF964,RAJD003719
SID-CORP-SZD-01,SID001,4782323,RAJF964,RAJD0514
SID-CORP-SZD-01,SID001,4782323,RAJF964,RAJD006788
SID-CORP-SZD-01,SID001,4782323,RAJF964,RAJD017211
SID-CORP-SZD-01,SID001,4782323,RAJF964,RAJD017978
SID-CORP-SZD-01,SID001,4782323,RAJF964,RAJD0425
SID-CORP-SZD-01,SID001,4782323,RAJF964,RAJD7867
SID-CORP-SZD-01,SID001,4782323,RAJF964,RAJD3848
SID-CORP-SZD-01,SID001,4782323,RAJF964,RAJD016600
SID-CORP-SZD-01,Vacant,4782323,RAJF0000002,RAJD018384
SID-CORP-SZD-01,Vacant,4782323,RAJF0000002,RAJD017118
SID-CORP-SZD-01,Vacant,4782323,RAJF0000002,RAJD00029236
SID-CORP-SZD-01,Vacant,4782323,RAJF0000002,RAJD017718
SID-CORP-SZD-01,Vacant,4782323,RAJF0000002,RAJD00029352
SID-CORP-SZD-01,Vacant,4782323,RAJF0000002,RAJD017117
SID-CORP-SZD-01,SID005,4782323,RAJF001121,RAJD9978
SID-CORP-SZD-01,SID005,4782323,RAJF001121,RAJD015779
SID-CORP-SZD-01,SID005,4782323,RAJF001121,RAJD6355
SID-CORP-SZD-01,SID005,4782323,RAJF001121,RAJD0622
SID-CORP-SZD-01,SID005,4782323,RAJF001121,RAJD0698
SID-CORP-SZD-01,SID005,4782323,RAJF001121,RAJD0778
SID-CORP-SZD-01,SID005,4782323,RAJF001121,RAJD6580
SID-CORP-SZD-01,SID005,4782323,RAJF001121,RAJD007410
SID-CORP-SZD-01,SID005,4782323,RAJF001121,RAJD0691
SID-CORP-SZD-01,SID005,4782323,RAJF001121,RAJD003013
SID-CORP-SZD-01,SID005,4782323,RAJF001121,RAJD017343
SID-CORP-SZD-01,SID005,4782323,RAJF001121,RAJD017572
SID-CORP-SZD-01,SID005,4782323,RAJF001121,RAJD0839
SID-CORP-SZD-01,SID005,4782323,RAJF001121,RAJD13178
SID-CORP-SZD-01,SID005,4782323,RAJF001121,RAJD00029270
SID-CORP-SZD-01,SID005,4782323,RAJF001121,RAJD015565
SID-CORP-SZD-01,SID005,4782323,RAJF001121,RAJD13098
SID-CORP-SZD-01,SID005,4782323,RAJF001121,RAJD009612
SID-CORP-SZD-01,SID005,4782323,RAJF001121,RAJD012180
SID-CORP-SZD-01,SID005,4782323,RAJF001121,RAJD13097
SID-CORP-SZD-01,SID005,4782323,RAJF001121,RAJD0818
SID-CORP-SZD-01,SID005,4782323,RAJF001121,RAJD12632
SID-CORP-SZD-01,SID005,4782323,RAJF001121,RAJD008276
SID-CORP-SZD-01,SID005,4782323,RAJF001121,RAJD013346
SID-CORP-SZD-01,SID005,4782323,RAJF001121,RAJD15070
SID-CORP-SZD-01,JPR145,RAJD018607,RAJF001416,RAJD008476
SID-CORP-SZD-01,JPR145,RAJD018607,RAJF001416,RAJD018663
SID-CORP-SZD-01,JPR145,RAJD018607,RAJF001416,RAJD018682
SID-CORP-SZD-01,JPR145,RAJD018607,RAJF001416,RAJD018804
SID-CORP-SZD-01,JPR145,RAJD018607,RAJF001416,RAJD016009
SID-CORP-SZD-01,JPR145,RAJD018607,RAJF001416,RAJD016454
SID-CORP-SZD-01,JPR145,RAJD018607,RAJF001416,RAJD017579
SID-CORP-SZD-01,JPR145,RAJD018607,RAJF001416,RAJD018826
SID-CORP-SZD-01,JPR145,RAJD018607,RAJF001416,RAJD018142
SID-CORP-SZD-01,JPR145,RAJD018607,RAJF001416,RAJD004897
SID-CORP-SZD-01,JPR145,RAJD018607,RAJF001416,RAJD13276
SID-CORP-SZD-01,JPR145,RAJD018607,RAJF001416,RAJD018684
SID-CORP-SZD-01,JPR145,RAJD018607,RAJF001416,RAJD018685
SID-CORP-SZD-01,JPR145,RAJD018607,RAJF001416,RAJD13278
SID-CORP-SZD-01,JPR145,RAJD018607,RAJF001416,RAJD7321
SID-CORP-SZD-01,JPR145,RAJD018607,RAJF001416,RAJD012047
SID-CORP-SZD-01,JPR145,RAJD018607,RAJF001416,RAJD012049
SID-CORP-SZD-01,JPR145,RAJD018607,RAJF001416,RAJD17169
SID-CORP-SZD-01,JPR182,RAJD018619,RAJF001426,RAJD015975
SID-CORP-SZD-01,JPR182,RAJD018619,RAJF001426,RAJD009413
SID-CORP-SZD-01,JPR182,RAJD018619,RAJF001426,RAJD012129
SID-CORP-SZD-01,JPR182,RAJD018619,RAJF001426,RAJD015976
SID-CORP-SZD-01,JPR182,RAJD018619,RAJF001426,RAJD016737
SID-CORP-SZD-01,JPR182,RAJD018619,RAJF001426,RAJD016969
SID-CORP-SZD-01,JPR182,RAJD018619,RAJF001426,RAJD017009
SID-CORP-SZD-01,JPR182,RAJD018619,RAJF001426,RAJD15431
SID-CORP-SZD-01,JPR182,RAJD018619,RAJF001426,RAJD011897
SID-CORP-SZD-01,JPR182,RAJD018619,RAJF001426,RAJD15429
SID-CORP-SZD-01,JPR182,RAJD018619,RAJF001426,RAJD12517
SID-CORP-SZD-01,JPR182,RAJD018619,RAJF001426,RAJD15190
SID-CORP-SZD-01,JPR182,RAJD018619,RAJF001426,RAJD007712
SID-CORP-SZD-01,JPR182,RAJD018619,RAJF001426,RAJD008458
SID-CORP-SZD-01,JPR182,RAJD018619,RAJF001426,RAJD009680
SID-CORP-SZD-01,JPR182,RAJD018619,RAJF001426,RAJD000644
SID-CORP-SZD-01,JPR182,RAJD018619,RAJF001426,RAJD000646
SID-CORP-SZD-01,JPR182,RAJD018619,RAJF001426,RAJD15744
SID-CORP-SZD-01,JPR182,RAJD018619,RAJF001426,RAJD000639
SID-CORP-SZD-01,JPR120,RAJD018646,RAJF001423,RAJD002111
SID-CORP-SZD-01,JPR120,RAJD018646,RAJF001423,RAJD017276
SID-CORP-SZD-01,JPR120,RAJD018646,RAJF001423,RAJD018918
SID-CORP-SZD-01,JPR120,RAJD018646,RAJF001423,RAJD007163
SID-CORP-SZD-01,JPR120,RAJD018646,RAJF001423,RAJD017275
SID-CORP-SZD-01,JPR120,RAJD018646,RAJF001423,RAJD017285
SID-CORP-SZD-01,JPR120,RAJD018646,RAJF001423,RAJD017288
SID-CORP-SZD-01,JPR120,RAJD018646,RAJF001423,RAJD001976
SID-CORP-SZD-01,JPR120,RAJD018646,RAJF001423,RAJD017274
SID-CORP-SZD-01,JPR120,RAJD018646,RAJF001423,RAJD017286
SID-CORP-SZD-01,JPR120,RAJD018646,RAJF001423,RAJD017336
SID-CORP-SZD-01,JPR120,RAJD018646,RAJF001423,RAJD017269
SID-CORP-SZD-01,JPR120,RAJD018646,RAJF001423,RAJD017277
SID-CORP-SZD-01,JPR120,RAJD018646,RAJF001423,RAJD018916
SID-CORP-SZD-01,JPR120,RAJD018646,RAJF001423,RAJD018917
SID-CORP-SZD-01,JPR120,RAJD018646,RAJF001423,RAJD002110
SID-CORP-SZD-01,JPR120,RAJD018646,RAJF001423,RAJD017268
SID-CORP-SZD-01,JPR120,RAJD018646,RAJF001423,RAJD000537
SID-CORP-SZD-01,JPR120,RAJD018646,RAJF001423,RAJD017083
SID-CORP-SZD-01,JPR120,RAJD018646,RAJF001423,RAJD017273
SID-CORP-SZD-01,JPR120,RAJD018646,RAJF001423,RAJD017317
SID-CORP-SZD-01,JPR120,RAJD018646,RAJF001423,RAJD006612
SID-CORP-SZD-01,JPR120,RAJD018646,RAJF001423,RAJD017272
SID-CORP-SZD-01,JPR252,RAJD018675,RAJF001412,RAJD009882
SID-CORP-SZD-01,JPR252,RAJD018675,RAJF001412,RAJD16039
SID-CORP-SZD-01,JPR252,RAJD018675,RAJF001412,RAJD006691
SID-CORP-SZD-01,JPR252,RAJD018675,RAJF001412,RAJD015082
SID-CORP-SZD-01,JPR252,RAJD018675,RAJF001412,RAJD018776
SID-CORP-SZD-01,JPR252,RAJD018675,RAJF001412,RAJD018775
SID-CORP-SZD-01,JPR252,RAJD018675,RAJF001412,RAJD10225
SID-CORP-SZD-01,JPR252,RAJD018675,RAJF001412,RAJD012673
SID-CORP-SZD-01,JPR252,RAJD018675,RAJF001412,RAJD017991
SID-CORP-SZD-01,JPR252,RAJD018675,RAJF001412,RAJD018860
SID-CORP-SZD-01,SID001,RAJD018686,RAJF001418,RAJD014745
SID-CORP-SZD-01,SID001,RAJD018686,RAJF001418,RAJD014786
SID-CORP-SZD-01,SID001,RAJD018686,RAJF001418,RAJD017758
SID-CORP-SZD-01,SID001,RAJD018686,RAJF001418,RAJD015423
SID-CORP-SZD-01,SID001,RAJD018686,RAJF001418,RAJD005675
SID-CORP-SZD-01,SID001,RAJD018686,RAJF001418,RAJD7451
SID-CORP-SZD-01,SID001,RAJD018686,RAJF001418,RAJD015750
SID-CORP-SZD-01,SID001,RAJD018686,RAJF001418,RAJD9112
SID-CORP-SZD-01,SID001,RAJD018686,RAJF001418,RAJD006719
SID-CORP-SZD-01,SID001,RAJD018686,RAJF001418,RAJD003087
SID-CORP-SZD-01,SID001,RAJD018686,RAJF001418,RAJD015445
SID-CORP-SZD-01,SID001,RAJD018686,RAJF001418,RAJD017637
SID-CORP-SZD-01,SID001,RAJD018686,RAJF001418,RAJD017651
SID-CORP-SZD-01,SID001,RAJD018686,RAJF001418,RAJD013535
SID-CORP-SZD-01,SID001,RAJD018686,RAJF001418,RAJD008484
SID-CORP-SZD-01,SID001,RAJD018686,RAJF001418,RAJD10511
SID-CORP-SZD-01,SID001,RAJD018686,RAJF001418,RAJD018280
SID-CORP-SZD-01,SID001,RAJD018686,RAJF001418,RAJD9100
SID-CORP-SZD-01,SID001,RAJD018686,RAJF001418,RAJD015469
SID-CORP-SZD-01,SID001,RAJD018686,RAJF001418,RAJD00029286
SID-CORP-SZD-01,SID001,RAJD018686,RAJF001418,RAJD017774
SID-CORP-SZD-01,SID001,RAJD018686,RAJF001418,RAJD15277
SID-CORP-SZD-01,SID001,RAJD018686,RAJF001418,RAJD9717
SID-CORP-SZD-01,SID001,RAJD018686,RAJF001418,RAJD00029309
SID-CORP-SZD-01,SID001,RAJD018686,RAJF001418,RAJD12358
SID-CORP-SZD-01,SID001,RAJD018686,RAJF001418,RAJD014796
SID-CORP-SZD-01,SID001,RAJD018686,RAJF001418,RAJD018363
SID-CORP-SZD-01,SID001,RAJD018686,RAJF001418,RAJD015263
SID-CORP-SZD-01,SID001,RAJD018686,RAJF001418,RAJD016250
SID-CORP-SZD-01,JPR182,RAJD018692,RAJF001430,RAJD009209
SID-CORP-SZD-01,JPR182,RAJD018692,RAJF001430,RAJD018394
SID-CORP-SZD-01,JPR182,RAJD018692,RAJF001430,RAJD13309
SID-CORP-SZD-01,JPR182,RAJD018692,RAJF001430,RAJD000788
SID-CORP-SZD-01,JPR182,RAJD018692,RAJF001430,RAJD003501
SID-CORP-SZD-01,JPR182,RAJD018692,RAJF001430,RAJD016717
SID-CORP-SZD-01,JPR182,RAJD018692,RAJF001430,RAJD001120
SID-CORP-SZD-01,JPR182,RAJD018692,RAJF001430,RAJD003493
SID-CORP-SZD-01,JPR182,RAJD018692,RAJF001430,RAJD001108
SID-CORP-SZD-01,JPR182,RAJD018692,RAJF001430,RAJD12533
SID-CORP-SZD-01,JPR182,RAJD018692,RAJF001430,RAJD000635
SID-CORP-SZD-01,JPR182,RAJD018692,RAJF001430,RAJD001065
SID-CORP-SZD-01,JPR182,RAJD018692,RAJF001430,RAJD006390
SID-CORP-SZD-01,JPR182,RAJD018692,RAJF001430,RAJD016449
SID-CORP-SZD-01,JPR182,RAJD018692,RAJF001430,RAJD018030
SID-CORP-SZD-01,JPR182,RAJD018692,RAJF001430,RAJD016058
SID-CORP-SZD-01,JPR182,RAJD018692,RAJF001430,RAJD018132
SID-CORP-SZD-01,JPR182,RAJD018692,RAJF001430,RAJD15743
SID-CORP-SZD-01,JPR252,RAJD018764,RAJF001435,RAJD017929
SID-CORP-SZD-01,JPR252,RAJD018764,RAJF001435,RAJD5782
SID-CORP-SZD-01,JPR252,RAJD018764,RAJF001435,RAJD016492
SID-CORP-SZD-01,JPR252,RAJD018764,RAJF001435,RAJD5789
SID-CORP-SZD-01,JPR252,RAJD018764,RAJF001435,RAJD017905
SID-CORP-SZD-01,JPR252,RAJD018764,RAJF001435,RAJD007213
SID-CORP-SZD-01,JPR252,RAJD018764,RAJF001435,RAJD017136
SID-CORP-SZD-01,JPR252,RAJD018764,RAJF001435,RAJD017198
SID-CORP-SZD-01,JPR145,RAJD018802,RAJF001424,RAJD018869
SID-CORP-SZD-01,JPR145,RAJD018802,RAJF001424,RAJD018872
SID-CORP-SZD-01,JPR145,RAJD018802,RAJF001424,RAJD018877
SID-CORP-SZD-01,JPR145,RAJD018802,RAJF001424,RAJD018871
SID-CORP-SZD-01,JPR120,RAJD018802,RAJF001424,RAJD017434
SID-CORP-SZD-01,JPR145,RAJD018802,RAJF001424,RAJD018874
SID-CORP-SZD-01,JPR145,RAJD018802,RAJF001424,RAJD018876
SID-CORP-SZD-01,JPR145,RAJD018802,RAJF001424,RAJD017900
SID-CORP-SZD-01,JPR145,RAJD018802,RAJF001424,RAJD018870
SID-CORP-SZD-01,JPR145,RAJD018802,RAJF001424,RAJD018873
SID-CORP-SZD-01,JPR145,RAJD018802,RAJF001424,RAJD017901
SID-CORP-SZD-01,JPR145,RAJD018802,RAJF001424,RAJD018875
SID-CORP-SZD-01,JPR120,RAJD018802,RAJF001424,RAJD017743
SID-CORP-SZD-01,JPR251,RAJD018879,RAJF001439,RAJD00029251
SID-CORP-SZD-01,JPR251,RAJD018879,RAJF001439,RAJD00029254
SID-CORP-SZD-01,JPR251,RAJD018879,RAJF001439,RAJD003123
SID-CORP-SZD-01,JPR251,RAJD018879,RAJF001439,RAJD005955
SID-CORP-SZD-01,JPR251,RAJD018879,RAJF001439,RAJD1012
SID-CORP-SZD-01,JPR251,RAJD018879,RAJF001439,RAJD009770
SID-CORP-SZD-01,JPR251,RAJD018879,RAJF001439,RAJD10943
SID-CORP-SZD-01,JPR251,RAJD018879,RAJF001439,RAJD010865
SID-CORP-SZD-01,JPR251,RAJD018879,RAJF001439,RAJD00029252
SID-CORP-SZD-01,JPR251,RAJD018879,RAJF001439,RAJD00029342
SID-CORP-SZD-01,JPR251,RAJD018879,RAJF001439,RAJD00029344
SID-CORP-SZD-01,JPR251,RAJD018879,RAJF001439,RAJD00029343
SID-CORP-SZD-01,JPR251,RAJD018879,RAJF001439,RAJD007477
SID-CORP-SZD-01,JPR251,RAJD018879,RAJF001439,RAJD10952
SID-CORP-SZD-01,JPR251,RAJD018879,RAJF001439,RAJD7120
SID-CORP-SZD-01,JPR251,RAJD018879,RAJF001439,RAJD010909
SID-CORP-SZD-01,JPR251,RAJD018879,RAJF001439,RAJD003771
SID-CORP-SZD-01,JPR251,RAJD018879,RAJF001439,RAJD010908
SID-CORP-SZD-01,JPR251,RAJD018879,RAJF001439,RAJD1033
SID-CORP-SZD-01,JPR251,RAJD018879,RAJF001439,RAJD10690
SID-CORP-SZD-01,JPR251,RAJD018879,RAJF001439,RAJD13010
SID-CORP-SZD-01,JPR251,RAJD018879,RAJF001439,RAJD00029253
SID-CORP-SZD-01,JPR251,RAJD018879,RAJF001439,RAJD005974
SID-CORP-SZD-01,JPR120,RAJR001157,RAJF001065,RAJD004399
SID-CORP-SZD-01,JPR120,RAJR001157,RAJF001065,RAJD16108
SID-CORP-SZD-01,JPR120,RAJR001157,RAJF001065,RAJD004110
SID-CORP-SZD-01,JPR120,RAJR001157,RAJF001065,RAJD13798
SID-CORP-SZD-01,JPR120,RAJR001157,RAJF001065,RAJD001703
SID-CORP-SZD-01,JPR120,RAJR001157,RAJF001065,RAJD17017
SID-CORP-SZD-01,JPR120,RAJR001157,RAJF001065,RAJD9191
SID-CORP-SZD-01,JPR120,RAJR001157,RAJF001065,RAJD001704
SID-CORP-SZD-01,JPR120,RAJR001157,RAJF001065,RAJD018369
SID-CORP-SZD-01,JPR120,RAJR001157,RAJF001065,RAJD018757
SID-CORP-SZD-01,JPR120,RAJR001157,RAJF001065,RAJD14379
SID-CORP-SZD-01,JPR120,RAJR001157,RAJF001065,RAJD9190
SID-CORP-SZD-01,JPR120,RAJR001157,RAJF001065,RAJD016378
SID-CORP-SZD-01,JPR120,RAJR001157,RAJF001065,RAJD9197
SID-CORP-SZD-01,JPR120,RAJR001157,RAJF001065,RAJD005714
SID-CORP-SZD-01,JPR120,RAJR001157,RAJF001065,RAJD16050
SID-CORP-SZD-01,JPR120,RAJR001157,RAJF001065,RAJD018292
SID-CORP-SZD-01,JPR182,RAJR001211,RAJF000716,RAJD9556
SID-CORP-SZD-01,JPR182,RAJR001211,RAJF000716,RAJD9553
SID-CORP-SZD-01,JPR182,RAJR001211,RAJF000716,RAJD004028
SID-CORP-SZD-01,JPR182,RAJR001211,RAJF000716,RAJD3014
SID-CORP-SZD-01,JPR182,RAJR001211,RAJF000716,RAJD6140
SID-CORP-SZD-01,JPR182,RAJR001211,RAJF000716,RAJD002378
SID-CORP-SZD-01,JPR182,RAJR001211,RAJF000716,RAJD003091
SID-CORP-SZD-01,JPR182,RAJR001211,RAJF000716,RAJD008879
SID-CORP-SZD-01,JPR182,RAJR001211,RAJF000716,RAJD004223
SID-CORP-SZD-01,JPR182,RAJR001211,RAJF000716,RAJD012190
SID-CORP-SZD-01,JPR182,RAJR001211,RAJF000716,RAJD6135
SID-CORP-SZD-01,JPR182,RAJR001211,RAJF663,RAJD003154
SID-CORP-SZD-01,JPR182,RAJR001211,RAJF663,RAJD004029
SID-CORP-SZD-01,JPR182,RAJR001211,RAJF663,RAJD004100
SID-CORP-SZD-01,JPR182,RAJR001211,RAJF663,RAJD004099
SID-CORP-SZD-01,JPR182,RAJR001211,RAJF663,RAJD6148
SID-CORP-SZD-01,JPR182,RAJR001211,RAJF663,RAJD003998
SID-CORP-SZD-01,JPR182,RAJR001211,RAJF663,RAJD006614
SID-CORP-SZD-01,JPR182,RAJR001211,RAJF663,RAJD6156
SID-CORP-SZD-01,JPR182,RAJR001211,RAJF663,RAJD6145
SID-CORP-SZD-01,JPR182,RAJR001211,RAJF663,RAJD6149
SID-CORP-SZD-01,JPR182,RAJR001211,RAJF663,RAJD16707
SID-CORP-SZD-01,JPR182,RAJR001211,RAJF663,RAJD003999
SID-CORP-SZD-01,JPR182,RAJR001211,RAJF663,RAJD17591
SID-CORP-SZD-01,JPR182,RAJR001211,RAJF663,RAJD6139
SID-CORP-SZD-01,JPR182,RAJR001211,RAJF663,RAJD9956
SID-CORP-SZD-01,JPR182,RAJR001211,RAJF663,RAJD003848
SID-CORP-SZD-01,JPR182,RAJR001211,RAJF663,RAJD009415
SID-CORP-SZD-01,JPR156,RAJR001426,RAJF711,RAJD014342
SID-CORP-SZD-01,JPR156,RAJR001426,RAJF711,RAJD10381
SID-CORP-SZD-01,JPR156,RAJR001426,RAJF711,RAJD9359
SID-CORP-SZD-01,JPR156,RAJR001426,RAJF711,RAJD015662
SID-CORP-SZD-01,JPR156,RAJR001426,RAJF711,RAJD10383
SID-CORP-SZD-01,JPR156,RAJR001426,RAJF711,RAJD11506
SID-CORP-SZD-01,JPR156,RAJR001426,RAJF711,RAJD9306
SID-CORP-SZD-01,JPR156,RAJR001426,RAJF711,RAJD005648
SID-CORP-SZD-01,JPR156,RAJR001426,RAJF711,RAJD018089
SID-CORP-SZD-01,JPR156,RAJR001426,RAJF711,RAJD013900
SID-CORP-SZD-01,JPR156,RAJR001426,RAJF711,RAJD11505
SID-CORP-SZD-01,JPR156,RAJR001426,RAJF705,RAJD005647
SID-CORP-SZD-01,JPR156,RAJR001426,RAJF705,RAJD11920
SID-CORP-SZD-01,JPR156,RAJR001426,RAJF705,RAJD11922
SID-CORP-SZD-01,JPR156,RAJR001426,RAJF705,RAJD15170
SID-CORP-SZD-01,JPR156,RAJR001426,RAJF705,RAJD007702
SID-CORP-SZD-01,JPR156,RAJR001426,RAJF705,RAJD15180
SID-CORP-SZD-01,JPR156,RAJR001426,RAJF705,RAJD9307
SID-CORP-SZD-01,JPR156,RAJR001426,RAJF705,RAJD015025
SID-CORP-SZD-01,JPR182,RAJR001435,RAJF000907,RAJD12553
SID-CORP-SZD-01,JPR182,RAJR001435,RAJF000907,RAJD7580
SID-CORP-SZD-01,JPR182,RAJR001435,RAJF000907,RAJD15428
SID-CORP-SZD-01,JPR182,RAJR001435,RAJF000907,RAJD00029314
SID-CORP-SZD-01,JPR182,RAJR001435,RAJF000907,RAJD018550
SID-CORP-SZD-01,JPR182,RAJR001435,RAJF000907,RAJD6837
SID-CORP-SZD-01,JPR182,RAJR001435,RAJF000907,RAJD007898
SID-CORP-SZD-01,JPR182,RAJR001435,RAJF000907,RAJD018902
SID-CORP-SZD-01,JPR182,RAJR001435,RAJF709,RAJD013066
SID-CORP-SZD-01,JPR182,RAJR001435,RAJF709,RAJD018395
SID-CORP-SZD-01,JPR182,RAJR001435,RAJF709,RAJD00029210
SID-CORP-SZD-01,JPR182,RAJR001435,RAJF709,RAJD001067
SID-CORP-SZD-01,JPR182,RAJR001435,RAJF709,RAJD016007
SID-CORP-SZD-01,JPR182,RAJR001435,RAJF709,RAJD016037
SID-CORP-SZD-01,JPR182,RAJR001435,RAJF709,RAJD016195
SID-CORP-SZD-01,JPR182,RAJR001435,RAJF709,RAJD000637
SID-CORP-SZD-01,JPR182,RAJR001435,RAJF709,RAJD16305
SID-CORP-SZD-01,JPR182,RAJR001435,RAJF709,RAJD018903
SID-CORP-SZD-01,JPR182,RAJR001435,RAJF709,RAJD15427
SID-CORP-SZD-01,JPR182,RAJR001435,RAJF709,RAJD15449
SID-CORP-SZD-01,JPR251,RAJR001447,RAJF001432,RAJD010948
SID-CORP-SZD-01,JPR251,RAJR001447,RAJF001432,RAJD012061
SID-CORP-SZD-01,JPR251,RAJR001447,RAJF001432,RAJD7049
SID-CORP-SZD-01,JPR251,RAJR001447,RAJF001432,RAJD000650
SID-CORP-SZD-01,JPR251,RAJR001447,RAJF001432,RAJD007398
SID-CORP-SZD-01,JPR251,RAJR001447,RAJF001432,RAJD012765
SID-CORP-SZD-01,JPR251,RAJR001447,RAJF001432,RAJD10966
SID-CORP-SZD-01,JPR251,RAJR001447,RAJF001432,RAJD11565
SID-CORP-SZD-01,JPR251,RAJR001447,RAJF001432,RAJD16464
SID-CORP-SZD-01,JPR251,RAJR001447,RAJF001432,RAJD000649
SID-CORP-SZD-01,JPR251,RAJR001447,RAJF001432,RAJD004024
SID-CORP-SZD-01,JPR251,RAJR001447,RAJF001432,RAJD10144
SID-CORP-SZD-01,JPR251,RAJR001447,RAJF001432,RAJD007405
SID-CORP-SZD-01,JPR251,RAJR001447,RAJF001432,RAJD015789
SID-CORP-SZD-01,JPR251,RAJR001447,RAJF001432,RAJD10284
SID-CORP-SZD-01,JPR251,RAJR001447,RAJF001432,RAJD12032
SID-CORP-SZD-01,JPR251,RAJR001447,RAJF001432,RAJD16458
SID-CORP-SZD-01,JPR251,RAJR001447,RAJF001432,RAJD004022
SID-CORP-SZD-01,JPR251,RAJR001447,RAJF001432,RAJD10942
SID-CORP-SZD-01,JPR251,RAJR001447,RAJF001432,RAJD11298
SID-CORP-SZD-01,JPR251,RAJR001447,RAJF001432,RAJD11300
SID-CORP-SZD-01,JPR251,RAJR001447,RAJF001432,RAJD11708
SID-CORP-SZD-01,JPR251,RAJR001447,RAJF001432,RAJD12112
SID-CORP-SZD-01,JPR251,RAJR001447,RAJF001432,RAJD000652
SID-CORP-SZD-01,JPR251,RAJR001447,RAJF001432,RAJD008791
SID-CORP-SZD-01,JPR251,RAJR001447,RAJF001432,RAJD008880
SID-CORP-SZD-01,JPR251,RAJR001447,RAJF001432,RAJD10940
SID-CORP-SZD-01,JPR251,RAJR001447,RAJF001432,RAJD000651
SID-CORP-SZD-01,JPR251,RAJR001447,RAJF001432,RAJD002414
SID-CORP-SZD-01,JPR251,RAJR001447,RAJF001432,RAJD002636
SID-CORP-SZD-01,JPR251,RAJR001447,RAJF001432,RAJD003122
SID-CORP-SZD-01,JPR251,RAJR001447,RAJF001432,RAJD009196
SID-CORP-SZD-01,JPR251,RAJR001447,RAJF001432,RAJD010949
SID-CORP-SZD-01,JPR251,RAJR001447,RAJF001432,RAJD012515
SID-CORP-SZD-01,JPR274,RAJR001674,RAJF001035,RAJD008938
SID-CORP-SZD-01,JPR274,RAJR001674,RAJF001035,RAJD7004
SID-CORP-SZD-01,JPR274,RAJR001674,RAJF001035,RAJD016078
SID-CORP-SZD-01,JPR274,RAJR001674,RAJF001035,RAJD001354
SID-CORP-SZD-01,JPR274,RAJR001674,RAJF001035,RAJD012882
SID-CORP-SZD-01,JPR274,RAJR001674,RAJF001035,RAJD14206
SID-CORP-SZD-01,JPR274,RAJR001674,RAJF001035,RAJD17255
SID-CORP-SZD-01,JPR274,RAJR001674,RAJF001035,RAJD008939
SID-CORP-SZD-01,JPR274,RAJR001674,RAJF001035,RAJD14208
SID-CORP-SZD-01,JPR274,RAJR001674,RAJF001035,RAJD14314
SID-CORP-SZD-01,JPR274,RAJR001674,RAJF001035,RAJD14209
SID-CORP-SZD-01,JPR274,RAJR001674,RAJF001035,RAJD13280
SID-CORP-SZD-01,JPR259,RAJR002890,RAJF521,RAJD9271
SID-CORP-SZD-01,JPR259,RAJR002890,RAJF521,RAJD10215
SID-CORP-SZD-01,JPR259,RAJR002890,RAJF521,RAJD13923
SID-CORP-SZD-01,JPR259,RAJR002890,RAJF521,RAJD6264
SID-CORP-SZD-01,JPR259,RAJR002890,RAJF521,RAJD6209
SID-CORP-SZD-01,JPR259,RAJR002890,RAJF521,RAJD018897
SID-CORP-SZD-01,JPR259,RAJR002890,RAJF521,RAJD11852
SID-CORP-SZD-01,JPR259,RAJR002890,RAJF521,RAJD15753
SID-CORP-SZD-01,JPR259,RAJR002890,RAJF521,RAJD014761
SID-CORP-SZD-01,JPR259,RAJR002890,RAJF521,RAJD13921
SID-CORP-SZD-01,JPR259,RAJR002890,RAJF521,RAJD13922
SID-CORP-SZD-01,JPR259,RAJR002890,RAJF000525,RAJD6212
SID-CORP-SZD-01,JPR259,RAJR002890,RAJF000525,RAJD005517
SID-CORP-SZD-01,JPR259,RAJR002890,RAJF000525,RAJD007430
SID-CORP-SZD-01,JPR259,RAJR002890,RAJF000525,RAJD008364
SID-CORP-SZD-01,JPR259,RAJR002890,RAJF000525,RAJD6223
SID-CORP-SZD-01,JPR259,RAJR002890,RAJF000525,RAJD13928
SID-CORP-SZD-01,JPR259,RAJR002890,RAJF000525,RAJD7665
SID-CORP-SZD-01,JPR259,RAJR002890,RAJF000525,RAJD007429
SID-CORP-SZD-01,JPR259,RAJR002890,RAJF000525,RAJD006015
SID-CORP-SZD-01,JPR259,RAJR002890,RAJF000525,RAJD16355
SID-CORP-SZD-01,JPR259,RAJR002890,RAJF000525,RAJD7691
SID-CORP-SZD-01,JPR259,RAJR002890,RAJF000525,RAJD9321
SID-CORP-SZD-01,JPR259,RAJR002890,RAJF000525,RAJD011320
SID-CORP-SZD-01,JPR259,RAJR002890,RAJF000525,RAJD6218
SID-CORP-SZD-01,JPR259,RAJR002890,RAJF000525,RAJD017368
SID-CORP-SZD-01,JPR259,RAJR002890,RAJF000525,RAJD018122
SID-CORP-SZD-01,JPR259,RAJR002890,RAJF000525,RAJD006017
SID-CORP-SZD-01,JPR274,RAJR004525,RAJF000727,RAJD016999
SID-CORP-SZD-01,JPR274,RAJR004525,RAJF000727,RAJD8748
SID-CORP-SZD-01,JPR274,RAJR004525,RAJF000727,RAJD017689
SID-CORP-SZD-01,JPR274,RAJR004525,RAJF000727,RAJD16531
SID-CORP-SZD-01,JPR274,RAJR004525,RAJF000727,RAJD16453
SID-CORP-SZD-01,JPR274,RAJR004525,RAJF000727,RAJD008739
SID-CORP-SZD-01,JPR274,RAJR004525,RAJF000727,RAJD002919
SID-CORP-SZD-01,JPR274,RAJR004525,RAJF000727,RAJD008430
SID-CORP-SZD-01,JPR274,RAJR004525,RAJF000727,RAJD016221
SID-CORP-SZD-01,JPR274,RAJR004525,RAJF891,RAJD8701
SID-CORP-SZD-01,JPR274,RAJR004525,RAJF891,RAJD4923
SID-CORP-SZD-01,JPR274,RAJR004525,RAJF891,RAJD002920
SID-CORP-SZD-01,JPR274,RAJR004525,RAJF891,RAJD11279
SID-CORP-SZD-01,JPR274,RAJR010550,RAJF000675,RAJD006705
SID-CORP-SZD-01,JPR274,RAJR010550,RAJF000675,RAJD017671
SID-CORP-SZD-01,JPR274,RAJR010550,RAJF000675,RAJD13181
SID-CORP-SZD-01,JPR274,RAJR010550,RAJF000675,RAJD013171
SID-CORP-SZD-01,JPR274,RAJR010550,RAJF000675,RAJD015999
SID-CORP-SZD-01,JPR274,RAJR010550,RAJF000675,RAJD12362
SID-CORP-SZD-01,JPR274,RAJR010550,RAJF000675,RAJD004355
SID-CORP-SZD-01,JPR274,RAJR010550,RAJF000675,RAJD004888
SID-CORP-SZD-01,JPR274,RAJR010550,RAJF000675,RAJD013700
SID-CORP-SZD-01,JPR274,RAJR010550,RAJF000675,RAJD006400
SID-CORP-SZD-01,JPR274,RAJR010550,RAJF000675,RAJD019009
SID-CORP-SZD-01,JPR274,RAJR010550,RAJF000675,RAJD011439
SID-CORP-SZD-01,JPR274,RAJR010550,RAJF000675,RAJD005091
SID-CORP-SZD-01,JPR274,RAJR010550,RAJF000675,RAJD011466
SID-CORP-SZD-01,JPR274,RAJR010550,RAJF000675,RAJD17449
SID-CORP-SZD-01,JPR274,RAJR010550,RAJF000675,RAJD17450
SID-CORP-SZD-01,JPR274,RAJR010550,RAJF000675,RAJD16620
SID-CORP-SZD-01,JPR274,RAJR010550,RAJF000675,RAJD005800
SID-CORP-SZD-01,JPR274,RAJR010550,RAJF000675,RAJD17448
SID-CORP-SZD-01,JPR274,RAJR010550,RAJF000675,RAJD003248
SID-CORP-SZD-01,JPR274,RAJR010550,RAJF000675,RAJD005256
SID-CORP-SZD-01,JPR274,RAJR010550,RAJF000675,RAJD8813
SID-CORP-SZD-01,JPR274,RAJR010550,RAJF000675,RAJD007977
SID-CORP-SZD-01,JPR274,RAJR010550,RAJF000675,RAJD010819
SID-CORP-SZD-01,JPR274,RAJR010550,RAJF000675,RAJD012557
SID-CORP-SZD-01,JPR274,RAJR010550,RAJF000901,RAJD004358
SID-CORP-SZD-01,JPR274,RAJR010550,RAJF000901,RAJD016601
SID-CORP-SZD-01,JPR274,RAJR010550,RAJF000901,RAJD15975
SID-CORP-SZD-01,JPR274,RAJR010550,RAJF000901,RAJD6727
SID-CORP-SZD-01,JPR274,RAJR010550,RAJF000901,RAJD000550
SID-CORP-SZD-01,JPR274,RAJR010550,RAJF000901,RAJD004244
SID-CORP-SZD-01,JPR274,RAJR010550,RAJF000901,RAJD6729
SID-CORP-SZD-01,JPR274,RAJR010550,RAJF000901,RAJD12376
SID-CORP-SZD-01,JPR274,RAJR010550,RAJF000901,RAJD7446
SID-CORP-SZD-01,JPR274,RAJR010550,RAJF000901,RAJD013202
SID-CORP-SZD-01,JPR274,RAJR010550,RAJF000901,RAJD006167
SID-CORP-SZD-01,JPR274,RAJR010550,RAJF000901,RAJD007220
SID-CORP-SZD-01,JPR274,RAJR010550,RAJF000901,RAJD014604
SID-CORP-SZD-01,JPR274,RAJR010550,RAJF000901,RAJD003768
SID-CORP-SZD-01,JPR274,RAJR010550,RAJF000901,RAJD013303
SID-CORP-SZD-01,JPR274,RAJR010550,RAJF000901,RAJD017194
SID-CORP-SZD-01,JPR274,RAJR010550,RAJF000901,RAJD009781
SID-CORP-SZD-01,JPR252,RAJR011696,RAJF000992,RAJD006122
SID-CORP-SZD-01,JPR252,RAJR011696,RAJF000992,RAJD012363
SID-CORP-SZD-01,JPR252,RAJR011696,RAJF000992,RAJD4472
SID-CORP-SZD-01,JPR252,RAJR011696,RAJF000992,RAJD006934
SID-CORP-SZD-01,JPR252,RAJR011696,RAJF000992,RAJD016617
SID-CORP-SZD-01,JPR252,RAJR011696,RAJF000992,RAJD018254
SID-CORP-SZD-01,JPR252,RAJR011696,RAJF000992,RAJD13839
SID-CORP-SZD-01,JPR252,RAJR011696,RAJF000992,RAJD018659
SID-CORP-SZD-01,JPR252,RAJR011696,RAJF000992,RAJD6716
SID-CORP-SZD-01,JPR252,RAJR011696,RAJF000913,RAJD15721
SID-CORP-SZD-01,JPR252,RAJR011696,RAJF000913,RAJD4418
SID-CORP-SZD-01,JPR252,RAJR011696,RAJF000913,RAJD009874
SID-CORP-SZD-01,JPR252,RAJR011696,RAJF000913,RAJD013103
SID-CORP-SZD-01,JPR252,RAJR011696,RAJF000913,RAJD016099
SID-CORP-SZD-01,JPR252,RAJR011696,RAJF000913,RAJD4415
SID-CORP-SZD-01,JPR252,RAJR011696,RAJF000913,RAJD4421
SID-CORP-SZD-01,JPR252,RAJR011696,RAJF000913,RAJD003823
SID-CORP-SZD-01,JPR252,RAJR011696,RAJF000913,RAJD006027
SID-CORP-SZD-01,JPR252,RAJR011696,RAJF000913,RAJD4439
SID-CORP-SZD-01,JPR252,RAJR011696,RAJF000913,RAJD14134
SID-CORP-SZD-01,JPR252,RAJR011696,RAJF000913,RAJD4435
SID-CORP-SZD-01,JPR252,RAJR011696,RAJF000913,RAJD9838
SID-CORP-SZD-01,JPR252,RAJR011696,RAJF000913,RAJD9721
SID-CORP-SZD-01,JPR252,RAJR011696,RAJF000913,RAJD11421
SID-CORP-SZD-01,JPR252,RAJR011696,RAJF000913,RAJD012307
SID-CORP-SZD-01,JPR156,RAJR011716,RAJF000973,RAJD00029297
SID-CORP-SZD-01,JPR156,RAJR011716,RAJF000973,RAJD009547
SID-CORP-SZD-01,JPR156,RAJR011716,RAJF000973,RAJD007420
SID-CORP-SZD-01,JPR156,RAJR011716,RAJF000973,RAJD16423
SID-CORP-SZD-01,JPR156,RAJR011716,RAJF000973,RAJD8037
SID-CORP-SZD-01,JPR156,RAJR011716,RAJF000973,RAJD009221
SID-CORP-SZD-01,JPR156,RAJR011716,RAJF000973,RAJD015607
SID-CORP-SZD-01,JPR156,RAJR011716,RAJF000973,RAJD002891
SID-CORP-SZD-01,JPR156,RAJR011716,RAJF000973,RAJD008366
SID-CORP-SZD-01,JPR156,RAJR011716,RAJF000973,RAJD002487
SID-CORP-SZD-01,JPR156,RAJR011716,RAJF000973,RAJD005189
SID-CORP-SZD-01,JPR156,RAJR011716,RAJF000973,RAJD005191
SID-CORP-SZD-01,JPR156,RAJR011716,RAJF000973,RAJD6688
SID-CORP-SZD-01,JPR156,RAJR011716,RAJF000973,RAJD15976
SID-CORP-SZD-01,JPR156,RAJR011716,RAJF000973,RAJD16550
SID-CORP-SZD-01,JPR156,RAJR011716,RAJF000973,RAJD7587
SID-CORP-SZD-01,JPR156,RAJR011716,RAJF000973,RAJD002486
SID-CORP-SZD-01,JPR156,RAJR011716,RAJF000973,RAJD015721
SID-CORP-SZD-01,JPR156,RAJR011716,RAJF000973,RAJD015722
SID-CORP-SZD-01,JPR156,RAJR011716,RAJF000973,RAJD15377
SID-CORP-SZD-01,JPR156,RAJR011716,RAJF000973,RAJD6689
SID-CORP-SZD-01,JPR156,RAJR011716,RAJF000973,RAJD6720
SID-CORP-SZD-01,JPR156,RAJR011716,RAJF000742,RAJD018026
SID-CORP-SZD-01,JPR156,RAJR011716,RAJF000742,RAJD013087
SID-CORP-SZD-01,JPR156,RAJR011716,RAJF000742,RAJD002484
SID-CORP-SZD-01,JPR156,RAJR011716,RAJF000742,RAJD16001
SID-CORP-SZD-01,JPR156,RAJR011716,RAJF000742,RAJD003778
SID-CORP-SZD-01,JPR156,RAJR011716,RAJF000742,RAJD008428
SID-CORP-SZD-01,JPR156,RAJR011716,RAJF000742,RAJD015591
SID-CORP-SZD-01,JPR156,RAJR011716,RAJF000742,RAJD015608
SID-CORP-SZD-01,JPR156,RAJR011716,RAJF000742,RAJD9056
SID-CORP-SZD-01,JPR156,RAJR011716,RAJF000742,RAJD003780
SID-CORP-SZD-01,JPR156,RAJR011716,RAJF000742,RAJD018824
SID-CORP-SZD-01,JPR156,RAJR011716,RAJF000742,RAJD000364
SID-CORP-SZD-01,JPR156,RAJR011716,RAJF000742,RAJD15703
SID-CORP-SZD-01,JPR156,RAJR011716,RAJF000742,RAJD000365
SID-CORP-SZD-01,JPR156,RAJR011716,RAJF000742,RAJD011753
SID-CORP-SZD-01,JPR156,RAJR011716,RAJF000742,RAJD015734
SID-CORP-SZD-01,JPR156,RAJR011716,RAJF000742,RAJD11385
SID-CORP-SZD-01,JPR156,RAJR011716,RAJF000742,RAJD10135
SID-CORP-SZD-01,JPR156,RAJR011716,RAJF000742,RAJD9047
SID-CORP-SZD-01,JPR251,RAJR011941,RAJF000798,RAJD012496
SID-CORP-SZD-01,JPR251,RAJR011941,RAJF000798,RAJD17196
SID-CORP-SZD-01,JPR251,RAJR011941,RAJF000798,RAJD1064
SID-CORP-SZD-01,JPR251,RAJR011941,RAJF000798,RAJD7695
SID-CORP-SZD-01,JPR251,RAJR011941,RAJF000798,RAJD017432
SID-CORP-SZD-01,JPR251,RAJR011941,RAJF000798,RAJD13145
SID-CORP-SZD-01,JPR251,RAJR011941,RAJF000798,RAJD10155
SID-CORP-SZD-01,JPR251,RAJR011941,RAJF000798,RAJD005613
SID-CORP-SZD-01,JPR251,RAJR011941,RAJF000798,RAJD005620
SID-CORP-SZD-01,JPR251,RAJR011941,RAJF000798,RAJD012495
SID-CORP-SZD-01,JPR251,RAJR011941,RAJF000798,RAJD004117
SID-CORP-SZD-01,JPR251,RAJR011941,RAJF000798,RAJD011357
SID-CORP-SZD-01,JPR251,RAJR011941,RAJF000798,RAJD016735
SID-CORP-SZD-01,JPR251,RAJR011941,RAJF000798,RAJD10151
SID-CORP-SZD-01,JPR251,RAJR011941,RAJF000798,RAJD018115
SID-CORP-SZD-01,JPR251,RAJR011941,RAJF000798,RAJD1068
SID-CORP-SZD-01,JPR251,RAJR011941,RAJF000798,RAJD015936
SID-CORP-SZD-01,JPR251,RAJR011941,RAJF000798,RAJD018859
SID-CORP-SZD-01,JPR251,RAJR011941,RAJF000798,RAJD010946
SID-CORP-SZD-01,JPR251,RAJR011941,RAJF000798,RAJD13150
SID-CORP-SZD-01,JPR251,RAJR011941,RAJF000800,RAJD006308
SID-CORP-SZD-01,JPR251,RAJR011941,RAJF000800,RAJD017773
SID-CORP-SZD-01,JPR251,RAJR011941,RAJF000800,RAJD11420
SID-CORP-SZD-01,JPR251,RAJR011941,RAJF000800,RAJD005621
SID-CORP-SZD-01,JPR251,RAJR011941,RAJF000800,RAJD12977
SID-CORP-SZD-01,JPR251,RAJR011941,RAJF000800,RAJD7090
SID-CORP-SZD-01,JPR251,RAJR011941,RAJF000800,RAJD004576
SID-CORP-SZD-01,JPR251,RAJR011941,RAJF000800,RAJD005988
SID-CORP-SZD-01,JPR251,RAJR011941,RAJF000800,RAJD10247
SID-CORP-SZD-01,JPR251,RAJR011941,RAJF000800,RAJD003791
SID-CORP-SZD-01,JPR251,RAJR011941,RAJF000800,RAJD005624
SID-CORP-SZD-01,JPR251,RAJR011941,RAJF000800,RAJD008338
SID-CORP-SZD-01,JPR251,RAJR011941,RAJF000800,RAJD017633
SID-CORP-SZD-01,JPR251,RAJR011941,RAJF000800,RAJD010945
SID-CORP-SZD-01,JPR251,RAJR011941,RAJF000800,RAJD005615
SID-CORP-SZD-01,JPR251,RAJR011941,RAJF000800,RAJD012355
SID-CORP-SZD-01,JPR251,RAJR011941,RAJF000800,RAJD002860
SID-CORP-SZD-01,JPR251,RAJR011941,RAJF000800,RAJD008554
SID-CORP-SZD-01,JPR251,RAJR011941,RAJF000800,RAJD018393
SID-CORP-SZD-01,JPR251,RAJR011941,RAJF000800,RAJD005623
SID-CORP-SZD-01,JPR120,RAJR015041,RAJF000873,RAJD011517
SID-CORP-SZD-01,JPR120,RAJR015041,RAJF000873,RAJD006090
SID-CORP-SZD-01,JPR120,RAJR015041,RAJF000873,RAJD017403
SID-CORP-SZD-01,JPR120,RAJR015041,RAJF000873,RAJD16308
SID-CORP-SZD-01,JPR120,RAJR015041,RAJF000873,RAJD7216
SID-CORP-SZD-01,JPR120,RAJR015041,RAJF000873,RAJD2821
SID-CORP-SZD-01,JPR120,RAJR015041,RAJF000873,RAJD2833
SID-CORP-SZD-01,JPR120,RAJR015041,RAJF000873,RAJD012109
SID-CORP-SZD-01,JPR120,RAJR015041,RAJF000873,RAJD16269
SID-CORP-SZD-01,JPR120,RAJR015041,RAJF000873,RAJD6076
SID-CORP-SZD-01,JPR120,RAJR015041,RAJF000873,RAJD6444
SID-CORP-SZD-01,JPR120,RAJR015041,RAJF000873,RAJD4297
SID-CORP-SZD-01,JPR120,RAJR015041,RAJF000873,RAJD005995
SID-CORP-SZD-01,JPR120,RAJR015041,RAJF000873,RAJD17530
SID-CORP-SZD-01,JPR120,RAJR015041,RAJF000873,RAJD018683
SID-CORP-SZD-01,JPR120,RAJR015041,RAJF000873,RAJD003729
SID-CORP-SZD-01,JPR120,RAJR015041,RAJF000873,RAJD016358
SID-CORP-SZD-01,JPR120,RAJR015041,RAJF000873,RAJD16262
SID-CORP-SZD-01,JPR120,RAJR015041,RAJF000873,RAJD000679
SID-CORP-SZD-01,JPR120,RAJR015041,RAJF000873,RAJD000683
SID-CORP-SZD-01,JPR120,RAJR015041,RAJF000873,RAJD011139
SID-CORP-SZD-01,JPR120,RAJR015041,RAJF000873,RAJD000684
SID-CORP-SZD-01,JPR120,RAJR015041,RAJF000873,RAJD000994
SID-CORP-SZD-01,JPR120,RAJR015041,RAJF001349,RAJD002068
SID-CORP-SZD-01,JPR120,RAJR015041,RAJF001349,RAJD003009
SID-CORP-SZD-01,JPR120,RAJR015041,RAJF001349,RAJD013043
SID-CORP-SZD-01,JPR120,RAJR015041,RAJF001349,RAJD018912
SID-CORP-SZD-01,JPR120,RAJR015041,RAJF001349,RAJD015484
SID-CORP-SZD-01,JPR120,RAJR015041,RAJF001349,RAJD10385
SID-CORP-SZD-01,JPR120,RAJR015041,RAJF001349,RAJD013504
SID-CORP-SZD-01,JPR120,RAJR015041,RAJF001349,RAJD16257
SID-CORP-SZD-01,JPR120,RAJR015041,RAJF001349,RAJD001900
SID-CORP-SZD-01,JPR120,RAJR015041,RAJF001349,RAJD14874
SID-CORP-SZD-01,JPR120,RAJR015041,RAJF001349,RAJD005250
SID-CORP-SZD-01,JPR120,RAJR015041,RAJF001349,RAJD003828
SID-CORP-SZD-01,JPR120,RAJR015041,RAJF001349,RAJD16021
SID-CORP-SZD-01,JPR120,RAJR015041,RAJF526,RAJD009277
SID-CORP-SZD-01,JPR120,RAJR015041,RAJF526,RAJD2881
SID-CORP-SZD-01,JPR120,RAJR015041,RAJF526,RAJD2840
SID-CORP-SZD-01,JPR120,RAJR015041,RAJF526,RAJD018527
SID-CORP-SZD-01,JPR120,RAJR015041,RAJF526,RAJD16067
SID-CORP-SZD-01,JPR120,RAJR015041,RAJF526,RAJD000376
SID-CORP-SZD-01,JPR120,RAJR015041,RAJF526,RAJD12718
SID-CORP-SZD-01,JPR120,RAJR015041,RAJF526,RAJD12813
SID-CORP-SZD-01,JPR120,RAJR015041,RAJF526,RAJD2814
SID-CORP-SZD-01,JPR120,RAJR015041,RAJF526,RAJD004497
SID-CORP-SZD-01,JPR120,RAJR015041,RAJF526,RAJD14455
SID-CORP-SZD-01,JPR120,RAJR015041,RAJF526,RAJD018614
SID-CORP-SZD-01,JPR120,RAJR015041,RAJF526,RAJD2816
SID-CORP-SZD-01,JPR120,RAJR015041,RAJF526,RAJD009036
SID-CORP-SZD-01,JPR120,RAJR015041,RAJF526,RAJD018396
SID-CORP-SZD-01,JPR120,RAJR015041,RAJF526,RAJD16436
SID-CORP-SZD-01,JPR120,RAJR015041,RAJF987,RAJD001293
SID-CORP-SZD-01,JPR120,RAJR015041,RAJF987,RAJD016279
SID-CORP-SZD-01,JPR120,RAJR015041,RAJF987,RAJD007576
SID-CORP-SZD-01,JPR120,RAJR015041,RAJF987,RAJD018637
SID-CORP-SZD-01,JPR120,RAJR015041,RAJF987,RAJD018660
SID-CORP-SZD-01,JPR120,RAJR015041,RAJF987,RAJD16276
SID-CORP-SZD-01,JPR120,RAJR015041,RAJF987,RAJD6546
SID-CORP-SZD-01,JPR120,RAJR015041,RAJF987,RAJD000282
SID-CORP-SZD-01,JPR120,RAJR015041,RAJF987,RAJD005560
SID-CORP-SZD-01,JPR120,RAJR015041,RAJF987,RAJD003727
SID-CORP-SZD-01,JPR120,RAJR015041,RAJF987,RAJD012055
SID-CORP-SZD-01,JPR120,RAJR015041,RAJF987,RAJD010863
SID-CORP-SZD-01,JPR120,RAJR015041,RAJF987,RAJD017513
SID-CORP-SZD-01,JPR120,RAJR015041,RAJF987,RAJD17137
SID-CORP-SZD-01,JPR120,RAJR015041,RAJF987,RAJD017876
SID-CORP-SZD-01,JPR120,RAJR015041,RAJF987,RAJD16291
SID-CORP-SZD-01,JPR120,RAJR015041,RAJF987,RAJD013681
SID-CORP-SZD-01,JPR120,RAJR015041,RAJF987,RAJD014775
SID-CORP-SZD-01,JPR120,RAJR015041,RAJF001099,RAJD016570
SID-CORP-SZD-01,JPR120,RAJR015041,RAJF001099,RAJD10332
SID-CORP-SZD-01,JPR120,RAJR015041,RAJF001099,RAJD006910
SID-CORP-SZD-01,JPR120,RAJR015041,RAJF001099,RAJD017870
SID-CORP-SZD-01,JPR120,RAJR015041,RAJF001099,RAJD6540
SID-CORP-SZD-01,JPR120,RAJR015041,RAJF001099,RAJD002352
SID-CORP-SZD-01,JPR120,RAJR015041,RAJF001099,RAJD011681
SID-CORP-SZD-01,JPR120,RAJR015041,RAJF001099,RAJD018182
SID-CORP-SZD-01,JPR120,RAJR015041,RAJF001099,RAJD018702
SID-CORP-SZD-01,JPR120,RAJR015041,RAJF001099,RAJD3213
SID-CORP-SZD-01,JPR120,RAJR015041,RAJF001099,RAJD6659
SID-CORP-SZD-01,JPR120,RAJR015041,RAJF001099,RAJD016207
SID-CORP-SZD-01,JPR120,RAJR015041,RAJF001099,RAJD016572
SID-CORP-SZD-01,JPR120,RAJR015041,RAJF001099,RAJD2835
SID-CORP-SZD-01,JPR120,RAJR015041,RAJF001099,RAJD006881
SID-CORP-SZD-01,JPR120,RAJR015041,RAJF001099,RAJD013683
SID-CORP-SZD-01,JPR120,RAJR015041,RAJF001099,RAJD017095
SID-CORP-SZD-01,JPR120,RAJR015041,RAJF001099,RAJD12805
SID-CORP-SZD-01,JPR120,RAJR015041,RAJF001099,RAJD018190
SID-CORP-SZD-01,JPR120,RAJR015041,RAJF001099,RAJD018014
SID-CORP-SZD-01,JPR252,RAJR015204,RAJF001256,RAJD015815
SID-CORP-SZD-01,JPR252,RAJR015204,RAJF001256,RAJD8946
SID-CORP-SZD-01,JPR252,RAJR015204,RAJF001256,RAJD001286
SID-CORP-SZD-01,JPR252,RAJR015204,RAJF001256,RAJD16465
SID-CORP-SZD-01,JPR252,RAJR015204,RAJF001256,RAJD006496
SID-CORP-SZD-01,JPR252,RAJR015204,RAJF001256,RAJD15797
SID-CORP-SZD-01,JPR252,RAJR015204,RAJF001249,RAJD16459
SID-CORP-SZD-01,JPR252,RAJR015204,RAJF001249,RAJD017653
SID-CORP-SZD-01,JPR252,RAJR015204,RAJF001249,RAJD009278
SID-CORP-SZD-01,JPR252,RAJR015204,RAJF001249,RAJD008220
SID-CORP-SZD-01,JPR252,RAJR015204,RAJF001249,RAJD16424
SID-CORP-SZD-01,JPR252,RAJR015204,RAJF001249,RAJD015227
SID-CORP-SZD-01,JPR252,RAJR015204,RAJF001249,RAJD6851
SID-CORP-SZD-01,JPR252,RAJR015204,RAJF001249,RAJD016627
SID-CORP-SZD-01,JPR252,RAJR015204,RAJF001249,RAJD8549
SID-CORP-SZD-01,JPR252,RAJR015204,RAJF001249,RAJD8742
SID-CORP-SZD-01,JPR252,RAJR015204,RAJF001249,RAJD15149
SID-CORP-SZD-01,JPR252,RAJR015204,RAJF001249,RAJD017681
SID-CORP-SZD-01,JPR252,RAJR015204,RAJF001156,RAJD11176
SID-CORP-SZD-01,JPR252,RAJR015204,RAJF001156,RAJD015236
SID-CORP-SZD-01,JPR252,RAJR015204,RAJF001156,RAJD17277
SID-CORP-SZD-01,JPR252,RAJR015204,RAJF001156,RAJD4557
SID-CORP-SZD-01,JPR252,RAJR015204,RAJF001156,RAJD015233
SID-CORP-SZD-01,JPR252,RAJR015204,RAJF001156,RAJD15472
SID-CORP-SZD-01,JPR252,RAJR015204,RAJF001156,RAJD9139
SID-CORP-SZD-01,JPR252,RAJR015204,RAJF001156,RAJD000453
SID-CORP-SZD-01,JPR252,RAJR015204,RAJF001156,RAJD11172
SID-CORP-SZD-01,JPR252,RAJR015204,RAJF001156,RAJD002311
SID-CORP-SZD-01,JPR252,RAJR015204,RAJF001156,RAJD008221
SID-CORP-SZD-01,JPR259,RAJR015258,RAJF001109,RAJD012486
SID-CORP-SZD-01,JPR259,RAJR015258,RAJF001109,RAJD006547
SID-CORP-SZD-01,JPR259,RAJR015258,RAJF001109,RAJD016900
SID-CORP-SZD-01,JPR259,RAJR015258,RAJF001109,RAJD6300
SID-CORP-SZD-01,JPR259,RAJR015258,RAJF001109,RAJD6299
SID-CORP-SZD-01,JPR259,RAJR015258,RAJF001109,RAJD14103
SID-CORP-SZD-01,JPR259,RAJR015258,RAJF001109,RAJD6220
SID-CORP-SZD-01,JPR259,RAJR015258,RAJF001109,RAJD018197
SID-CORP-SZD-01,JPR259,RAJR015258,RAJF001109,RAJD6297
SID-CORP-SZD-01,JPR259,RAJR015258,RAJF001109,RAJD13822
SID-CORP-SZD-01,JPR259,RAJR015258,RAJF001109,RAJD6405
SID-CORP-SZD-01,JPR259,RAJR015258,RAJF001109,RAJD015350
SID-CORP-SZD-01,JPR259,RAJR015258,RAJF001109,RAJD10682
SID-CORP-SZD-01,JPR259,RAJR015258,RAJF001109,RAJD005989
SID-CORP-SZD-01,JPR259,RAJR015258,RAJF001109,RAJD008557
SID-CORP-SZD-01,JPR259,RAJR015258,RAJF001109,RAJD015351
SID-CORP-SZD-01,JPR259,RAJR015258,RAJF001109,RAJD015528
SID-CORP-SZD-01,JPR259,RAJR015258,RAJF001109,RAJD16604
SID-CORP-SZD-01,JPR259,RAJR015258,RAJF001109,RAJD008318
SID-CORP-SZD-01,JPR259,RAJR015258,RAJF001108,RAJD015354
SID-CORP-SZD-01,JPR259,RAJR015258,RAJF001108,RAJD006208
SID-CORP-SZD-01,JPR259,RAJR015258,RAJF001108,RAJD006546
SID-CORP-SZD-01,JPR259,RAJR015258,RAJF001108,RAJD015302
SID-CORP-SZD-01,JPR259,RAJR015258,RAJF001108,RAJD015301
SID-CORP-SZD-01,JPR259,RAJR015258,RAJF001108,RAJD16602
SID-CORP-SZD-01,JPR259,RAJR015258,RAJF001108,RAJD7430
SID-CORP-SZD-01,JPR259,RAJR015258,RAJF001108,RAJD008839
SID-CORP-SZD-01,JPR259,RAJR015258,RAJF001108,RAJD014304
SID-CORP-SZD-01,JPR259,RAJR015258,RAJF001108,RAJD6211
SID-CORP-SZD-01,JPR259,RAJR015258,RAJF001108,RAJD9273
SID-CORP-SZD-01,JPR145,RAJR015443,RAJF001128,RAJD012192
SID-CORP-SZD-01,JPR145,RAJR016845,RAJF001287,RAJD016120
SID-CORP-SZD-01,JPR145,RAJR016845,RAJF001287,RAJD016989
SID-CORP-SZD-01,JPR145,RAJR016845,RAJF001287,RAJD017114
SID-CORP-SZD-01,JPR145,RAJR016845,RAJF001287,RAJD017049
SID-CORP-SZD-01,JPR145,RAJR016845,RAJF001287,RAJD017060
SID-CORP-SZD-01,JPR145,RAJR016845,RAJF001287,RAJD017435
SID-CORP-SZD-01,JPR145,RAJR016845,RAJF001287,RAJD016987
SID-CORP-SZD-01,JPR145,RAJR016845,RAJF001287,RAJD017135
SID-CORP-SZD-01,JPR145,RAJR016845,RAJF001287,RAJD10710
SID-CORP-SZD-01,JPR145,RAJR016845,RAJF001287,RAJD016945
SID-CORP-SZD-01,JPR145,RAJR016845,RAJF001287,RAJD016943
SID-CORP-SZD-01,JPR145,RAJR016845,RAJF001287,RAJD017399
SID-CORP-SZD-01,JPR145,RAJR016845,RAJF001287,RAJD017404
SID-CORP-SZD-01,JPR145,RAJR016845,RAJF001287,RAJD017433
SID-CORP-SZD-01,JPR145,RAJR016845,RAJF001287,RAJD017392
SID-CORP-SZD-01,JPR145,RAJR016845,RAJF001287,RAJD014554
SID-CORP-SZD-01,JPR145,RAJR016845,RAJF001287,RAJD016064
SID-CORP-SZD-01,JPR145,RAJR016845,RAJF001287,RAJD016060
SID-CORP-SZD-01,JPR145,RAJR016845,RAJF001287,RAJD016420
SID-CORP-SZD-01,JPR145,RAJR016845,RAJF001287,RAJD018072
SID-CORP-SZD-01,JPR145,RAJR016845,RAJF001287,RAJD7029
SID-CORP-SZD-01,JPR145,RAJR016845,RAJF001287,RAJD016941
SID-CORP-SZD-01,JPR145,RAJR016845,RAJF001287,RAJD018075
SID-CORP-SZD-01,JPR145,RAJR016845,RAJF001287,RAJD13375
SID-CORP-SZD-01,JPR145,RAJR016845,RAJF001287,RAJD009739
SID-CORP-SZD-01,JPR145,RAJR016845,RAJF001287,RAJD016062
SID-CORP-SZD-01,JPR145,RAJR016845,RAJF001287,RAJD001340
SID-CORP-SZD-01,JPR145,RAJR016845,RAJF001287,RAJD002903
SID-CORP-SZD-01,JPR145,RAJR016845,RAJF001287,RAJD017944
SID-CORP-SZD-01,JPR145,RAJR016845,RAJF001287,RAJD017945
SID-CORP-SZD-01,JPR145,RAJR016845,RAJF001287,RAJD017577
SID-CORP-SZD-01,JPR145,RAJR016845,RAJF001287,RAJD12650
SID-CORP-SZD-01,JPR252,RAJR016934,RAJF001176,RAJD007473
SID-CORP-SZD-01,JPR252,RAJR016934,RAJF001176,RAJD014682
SID-CORP-SZD-01,JPR252,RAJR016934,RAJF001176,RAJD7431
SID-CORP-SZD-01,JPR252,RAJR016934,RAJF001176,RAJD018129
SID-CORP-SZD-01,JPR252,RAJR016934,RAJF001176,RAJD017555
SID-CORP-SZD-01,JPR252,RAJR016934,RAJF001176,RAJD5773
SID-CORP-SZD-01,JPR252,RAJR016934,RAJF001176,RAJD017122
SID-CORP-SZD-01,JPR252,RAJR016934,RAJF001176,RAJD5754
SID-CORP-SZD-01,JPR252,RAJR016934,RAJF001176,RAJD16468
SID-CORP-SZD-01,JPR252,RAJR016934,RAJF001176,RAJD5759
SID-CORP-SZD-01,JPR252,RAJR016934,RAJF001176,RAJD017659
SID-CORP-SZD-01,JPR252,RAJR016934,RAJF001176,RAJD011394
SID-CORP-SZD-01,JPR274,RAJR017313,RAJF001310,RAJD015106
SID-CORP-SZD-01,JPR274,RAJR017313,RAJF001310,RAJD017356
SID-CORP-SZD-01,JPR274,RAJR017313,RAJF001310,RAJD00029243
SID-CORP-SZD-01,JPR274,RAJR017313,RAJF001310,RAJD005464
SID-CORP-SZD-01,JPR274,RAJR017313,RAJF001310,RAJD015730
SID-CORP-SZD-01,JPR274,RAJR017313,RAJF001310,RAJD015951
SID-CORP-SZD-01,JPR274,RAJR017313,RAJF001310,RAJD017725
SID-CORP-SZD-01,JPR274,RAJR017313,RAJF001310,RAJD15701
SID-CORP-SZD-01,JPR274,RAJR017313,RAJF001310,RAJD018922
SID-CORP-SZD-01,JPR274,RAJR017313,RAJF001310,RAJD15700
SID-CORP-SZD-01,JPR274,RAJR017313,RAJF001310,RAJD013064
SID-CORP-SZD-01,JPR274,RAJR017313,RAJF001310,RAJD015499
SID-CORP-SZD-01,JPR274,RAJR017313,RAJF001310,RAJD016650
SID-CORP-SZD-01,JPR274,RAJR017313,RAJF001310,RAJD017521
SID-CORP-SZD-01,JPR274,RAJR017313,RAJF001311,RAJD000325
SID-CORP-SZD-01,JPR274,RAJR017313,RAJF001311,RAJD005004
SID-CORP-SZD-01,JPR274,RAJR017313,RAJF001311,RAJD015845
SID-CORP-SZD-01,JPR274,RAJR017313,RAJF001311,RAJD7013
SID-CORP-SZD-01,JPR274,RAJR017313,RAJF001311,RAJD017385
SID-CORP-SZD-01,JPR274,RAJR017313,RAJF001311,RAJD017011
SID-CORP-SZD-01,JPR274,RAJR017313,RAJF001311,RAJD16886
SID-CORP-SZD-01,JPR274,RAJR017313,RAJF001311,RAJD001204
SID-CORP-SZD-01,JPR274,RAJR017313,RAJF001311,RAJD017384
SID-CORP-SZD-01,JPR274,RAJR017313,RAJF001311,RAJD11306
SID-CORP-SZD-01,JPR274,RAJR017313,RAJF001311,RAJD013631
SID-CORP-SZD-01,JPR274,RAJR017313,RAJF001311,RAJD017357
SID-CORP-SZD-01,JPR274,RAJR017313,RAJF001311,RAJD018734
SID-CORP-SZD-01,JPR274,RAJR017313,RAJF001311,RAJD6877
SID-CORP-SZD-01,JPR274,RAJR017313,RAJF001311,RAJD007974
SID-CORP-SZD-01,JPR274,RAJR017313,RAJF001311,RAJD006134
SID-CORP-SZD-01,JPR274,RAJR017313,RAJF001311,RAJD017358
SID-CORP-SZD-01,JPR274,RAJR017313,RAJF001395,RAJD00029238
SID-CORP-SZD-01,JPR274,RAJR017313,RAJF001395,RAJD016416
SID-CORP-SZD-01,JPR274,RAJR017313,RAJF001395,RAJD018735
SID-CORP-SZD-01,JPR274,RAJR017313,RAJF001395,RAJD16963
SID-CORP-SZD-01,JPR274,RAJR017313,RAJF001395,RAJD17256
SID-CORP-SZD-01,JPR274,RAJR017313,RAJF001395,RAJD00029244
SID-CORP-SZD-01,JPR274,RAJR017313,RAJF001395,RAJD000551
SID-CORP-SZD-01,JPR274,RAJR017313,RAJF001395,RAJD14837
SID-CORP-SZD-01,JPR274,RAJR017313,RAJF001395,RAJD005701
SID-CORP-SZD-01,JPR274,RAJR017313,RAJF001395,RAJD016726
SID-CORP-SZD-01,JPR274,RAJR017313,RAJF001395,RAJD017380
SID-CORP-SZD-01,JPR274,RAJR017313,RAJF001395,RAJD018923
SID-CORP-SZD-01,JPR274,RAJR017313,RAJF001395,RAJD018736
SID-CORP-SZD-01,JPR274,RAJR017313,RAJF001395,RAJD8466
SID-CORP-SZD-01,JPR274,RAJR017313,RAJF001395,RAJD018602
SID-CORP-SZD-01,JPR274,RAJR017313,RAJF001395,RAJD001357
SID-CORP-SZD-01,JPR274,RAJR017313,RAJF001395,RAJD017374
SID-CORP-SZD-01,JPR274,RAJR017313,RAJF001395,RAJD016568
SID-CORP-SZD-01,JPR145,RAJR017387,RAJF001326,RAJD016453
SID-CORP-SZD-01,JPR145,RAJR017387,RAJF001326,RAJD017874
SID-CORP-SZD-01,JPR145,RAJR017387,RAJF001326,RAJD14492
SID-CORP-SZD-01,JPR145,RAJR017387,RAJF001326,RAJD7209
SID-CORP-SZD-01,JPR145,RAJR017387,RAJF001326,RAJD003789
SID-CORP-SZD-01,JPR145,RAJR017387,RAJF001326,RAJD018288
SID-CORP-SZD-01,JPR145,RAJR017387,RAJF001326,RAJD14489
SID-CORP-SZD-01,JPR145,RAJR017387,RAJF001326,RAJD018880
SID-CORP-SZD-01,JPR145,RAJR017387,RAJF001326,RAJD16060
SID-CORP-SZD-01,JPR145,RAJR017387,RAJF001326,RAJD015968
SID-CORP-SZD-01,JPR145,RAJR017387,RAJF001326,RAJD14819
SID-CORP-SZD-01,JPR145,RAJR017387,RAJF001326,RAJD016020
SID-CORP-SZD-01,JPR145,RAJR017387,RAJF001326,RAJD018543
SID-CORP-SZD-01,JPR145,RAJR017387,RAJF001326,RAJD7203
SID-CORP-SZD-01,JPR145,RAJR017672,RAJF001350,RAJD004219
SID-CORP-SZD-01,JPR145,RAJR017672,RAJF001350,RAJD018070
SID-CORP-SZD-01,JPR145,RAJR017672,RAJF001350,RAJD5133
SID-CORP-SZD-01,JPR145,RAJR017672,RAJF001350,RAJD5182
SID-CORP-SZD-01,JPR145,RAJR017672,RAJF001350,RAJD018055
SID-CORP-SZD-01,JPR145,RAJR017672,RAJF001350,RAJD018069
SID-CORP-SZD-01,JPR145,RAJR017672,RAJF001350,RAJD12491
SID-CORP-SZD-01,JPR145,RAJR017672,RAJF001350,RAJD003130
SID-CORP-SZD-01,JPR145,RAJR017672,RAJF001350,RAJD14529
SID-CORP-SZD-01,JPR145,RAJR017672,RAJF001350,RAJD014719
SID-CORP-SZD-01,JPR145,RAJR017672,RAJF001350,RAJD7531
SID-CORP-SZD-01,JPR145,RAJR017672,RAJF001350,RAJD011637
SID-CORP-SZD-01,JPR182,RAJR017688,RAJF001347,RAJD004370
SID-CORP-SZD-01,JPR182,RAJR017688,RAJF001347,RAJD012327
SID-CORP-SZD-01,JPR182,RAJR017688,RAJF001347,RAJD004610
SID-CORP-SZD-01,JPR182,RAJR017688,RAJF001347,RAJD013205
SID-CORP-SZD-01,JPR182,RAJR017688,RAJF001347,RAJD017862
SID-CORP-SZD-01,JPR182,RAJR017688,RAJF001347,RAJD000410
SID-CORP-SZD-01,JPR182,RAJR017688,RAJF001347,RAJD004720
SID-CORP-SZD-01,JPR182,RAJR017688,RAJF001347,RAJD007982
SID-CORP-SZD-01,JPR182,RAJR017688,RAJF001347,RAJD008552
SID-CORP-SZD-01,JPR182,RAJR017688,RAJF001347,RAJD009125
SID-CORP-SZD-01,JPR182,RAJR017688,RAJF001347,RAJD009697
SID-CORP-SZD-01,JPR182,RAJR017688,RAJF001347,RAJD016039
SID-CORP-SZD-01,JPR182,RAJR017688,RAJF001347,RAJD003465
SID-CORP-SZD-01,JPR182,RAJR017688,RAJF001347,RAJD007790
SID-CORP-SZD-01,JPR182,RAJR017688,RAJF001347,RAJD7186
SID-CORP-SZD-01,JPR182,RAJR017688,RAJF001347,RAJD004721
SID-CORP-SZD-01,JPR182,RAJR017688,RAJF001347,RAJD012322
SID-CORP-SZD-01,JPR182,RAJR017688,RAJF001346,RAJD7178
SID-CORP-SZD-01,JPR182,RAJR017688,RAJF001346,RAJD10697
SID-CORP-SZD-01,JPR182,RAJR017688,RAJF001346,RAJD7924
SID-CORP-SZD-01,JPR182,RAJR017688,RAJF001346,RAJD7182
SID-CORP-SZD-01,JPR182,RAJR017688,RAJF001346,RAJD6152
SID-CORP-SZD-01,JPR182,RAJR017688,RAJF001346,RAJD003464
SID-CORP-SZD-01,JPR182,RAJR017688,RAJF001346,RAJD011516
SID-CORP-SZD-01,JPR182,RAJR017688,RAJF001346,RAJD012330
SID-CORP-SZD-01,JPR182,RAJR017688,RAJF001346,RAJD015743
SID-CORP-SZD-01,JPR182,RAJR017688,RAJF001346,RAJD017854
SID-CORP-SZD-01,JPR182,RAJR017688,RAJF001346,RAJD14872
SID-CORP-SZD-01,JPR182,RAJR017688,RAJF001346,RAJD012183
SID-CORP-SZD-01,JPR182,RAJR017688,RAJF001346,RAJD018120
SID-CORP-SZD-01,JPR182,RAJR017688,RAJF001346,RAJD004371
SID-CORP-SZD-01,JPR182,RAJR017688,RAJF001346,RAJD018171
SID-CORP-SZD-01,JPR182,RAJR017688,RAJF001346,RAJD003463
SID-CORP-SZD-01,JPR120,RAJR017986,RAJF001354,RAJD5181
SID-CORP-SZD-01,JPR120,RAJR017986,RAJF001354,RAJD9484
SID-CORP-SZD-01,JPR120,RAJR017986,RAJF001354,RAJD004680
SID-CORP-SZD-01,JPR120,RAJR017986,RAJF001354,RAJD017498
SID-CORP-SZD-01,JPR120,RAJR017986,RAJF001354,RAJD10805
SID-CORP-SZD-01,JPR120,RAJR017986,RAJF001354,RAJD016485
SID-CORP-SZD-01,JPR120,RAJR017986,RAJF001354,RAJD001768
SID-CORP-SZD-01,JPR120,RAJR017986,RAJF001354,RAJD012682
SID-CORP-SZD-01,JPR120,RAJR017986,RAJF001354,RAJD12490
SID-CORP-SZD-01,JPR120,RAJR017986,RAJF001354,RAJD016716
SID-CORP-SZD-01,JPR120,RAJR017986,RAJF001354,RAJD006026
SID-CORP-SZD-01,JPR120,RAJR017986,RAJF001354,RAJD015290
SID-CORP-SZD-01,JPR120,RAJR017986,RAJF001354,RAJD017499
SID-CORP-SZD-01,JPR120,RAJR017986,RAJF001354,RAJD9467
SID-CORP-SZD-01,JPR120,RAJR017986,RAJF001354,RAJD016487
SID-CORP-SZD-01,JPR120,RAJR017986,RAJF001354,RAJD016940
SID-CORP-SZD-01,JPR120,RAJR017986,RAJF001354,RAJD10790
SID-CORP-SZD-01,JPR120,RAJR017986,RAJF001354,RAJD018021
SID-CORP-SZD-01,JPR120,RAJR017986,RAJF001354,RAJD016257
SID-CORP-SZD-01,JPR120,RAJR017986,RAJF001354,RAJD17198
SID-CORP-SZD-01,JPR120,RAJR017986,RAJF001354,RAJD15147
SID-CORP-SZD-01,JPR156,RAJR018274,RAJF001383,RAJD000753
SID-CORP-SZD-01,JPR156,RAJR018274,RAJF001383,RAJD13083
SID-CORP-SZD-01,JPR156,RAJR018274,RAJF001383,RAJD014301
SID-CORP-SZD-01,JPR156,RAJR018274,RAJF001383,RAJD015008
SID-CORP-SZD-01,JPR156,RAJR018274,RAJF001383,RAJD000752
SID-CORP-SZD-01,JPR156,RAJR018274,RAJF001383,RAJD012472
SID-CORP-SZD-01,JPR156,RAJR018274,RAJF001383,RAJD11462
SID-CORP-SZD-01,JPR156,RAJR018274,RAJF001383,RAJD5953
SID-CORP-SZD-01,JPR156,RAJR018274,RAJF001383,RAJD004154
SID-CORP-SZD-01,JPR156,RAJR018274,RAJF001383,RAJD004866
SID-CORP-SZD-01,JPR156,RAJR018274,RAJF001383,RAJD007404
SID-CORP-SZD-01,JPR156,RAJR018274,RAJF001383,RAJD11470
SID-CORP-SZD-01,JPR156,RAJR018274,RAJF001382,RAJD5951
SID-CORP-SZD-01,JPR156,RAJR018274,RAJF001382,RAJD014831
SID-CORP-SZD-01,JPR156,RAJR018274,RAJF001382,RAJD007157
SID-CORP-SZD-01,JPR156,RAJR018274,RAJF001382,RAJD5947
SID-CORP-SZD-01,JPR156,RAJR018274,RAJF001382,RAJD003356
SID-CORP-SZD-01,JPR156,RAJR018274,RAJF001382,RAJD5958
SID-CORP-SZD-01,JPR156,RAJR018274,RAJF001382,RAJD011099
SID-CORP-SZD-01,JPR156,RAJR018274,RAJF001382,RAJD16455
SID-CORP-SZD-01,JPR156,RAJR018274,RAJF001382,RAJD014413
SID-CORP-SZD-01,JPR156,RAJR018274,RAJF001382,RAJD014685
SID-CORP-SZD-01,JPR156,RAJR018274,RAJF001382,RAJD16454
SID-CORP-SZD-01,JPR156,RAJR018274,RAJF001382,RAJD00029562
SID-CORP-SZD-01,JPR156,RAJR018274,RAJF001382,RAJD015011
SID-CORP-SZD-01,JPR156,RAJR018274,RAJF001382,RAJD4278
SID-CORP-SZD-01,JPR156,RAJR018495,RAJF001396,RAJD015573
SID-CORP-SZD-01,JPR156,RAJR018495,RAJF001396,RAJD011343
SID-CORP-SZD-01,JPR156,RAJR018495,RAJF001396,RAJD16555
SID-CORP-SZD-01,JPR156,RAJR018495,RAJF001396,RAJD6731
SID-CORP-SZD-01,JPR156,RAJR018495,RAJF001396,RAJD002470
SID-CORP-SZD-01,JPR156,RAJR018495,RAJF001396,RAJD002472
SID-CORP-SZD-01,JPR156,RAJR018495,RAJF001396,RAJD009443
SID-CORP-SZD-01,JPR156,RAJR018495,RAJF001396,RAJD11050
SID-CORP-SZD-01,JPR156,RAJR018495,RAJF001396,RAJD000326
SID-CORP-SZD-01,JPR156,RAJR018495,RAJF001396,RAJD14038
SID-CORP-SZD-01,JPR156,RAJR018495,RAJF001396,RAJD8442
SID-CORP-SZD-01,JPR156,RAJR018495,RAJF001396,RAJD8443
SID-CORP-SZD-01,JPR156,RAJR018495,RAJF001396,RAJD007581
SID-CORP-SZD-01,JPR156,RAJR018495,RAJF001396,RAJD007580
SID-CORP-SZD-01,JPR156,RAJR018495,RAJF001396,RAJD005213
SID-CORP-SZD-01,JPR156,RAJR018495,RAJF001396,RAJD007582
SID-CORP-SZD-01,JPR156,RAJR018495,RAJF001396,RAJD008681
SID-CORP-SZD-01,JPR156,RAJR018495,RAJF001396,RAJD000328
SID-CORP-SZD-01,JPR274,RAJR018558,RAJF001405,RAJD016885
SID-CORP-SZD-01,JPR274,RAJR018558,RAJF001405,RAJD17109
SID-CORP-SZD-01,JPR274,RAJR018558,RAJF001405,RAJD16488
SID-CORP-SZD-01,JPR274,RAJR018558,RAJF001405,RAJD017664
SID-CORP-SZD-01,JPR274,RAJR018558,RAJF001405,RAJD017872
SID-CORP-SZD-01,JPR274,RAJR018558,RAJF001405,RAJD004803
SID-CORP-SZD-01,JPR274,RAJR018558,RAJF001405,RAJD004709
SID-CORP-SZD-01,JPR274,RAJR018558,RAJF001405,RAJD007072
SID-CORP-SZD-01,JPR274,RAJR018558,RAJF001405,RAJD012427
SID-CORP-SZD-01,JPR274,RAJR018558,RAJF001405,RAJD9890
SID-CORP-SZD-01,JPR274,RAJR018558,RAJF001405,RAJD009834
SID-CORP-SZD-01,JPR274,RAJR018558,RAJF001405,RAJD6327
SID-CORP-SZD-01,JPR274,RAJR018558,RAJF001405,RAJD017408
SID-CORP-SZD-01,JPR274,RAJR018558,RAJF001405,RAJD012933
SID-CORP-SZD-01,JPR274,RAJR018558,RAJF001405,RAJD018730
SID-CORP-SZD-01,JPR274,RAJR018558,RAJF001405,RAJD016850
SID-CORP-SZD-01,JPR274,RAJR018558,RAJF001405,RAJD017796
SID-CORP-SZD-01,JPR145,RAJR018739,RAJF001433,RAJD00029438
SID-CORP-SZD-01,JPR145,RAJR018739,RAJF001433,RAJD018935
SID-CORP-SZD-01,JPR145,RAJR018739,RAJF001433,RAJD17205
SID-CORP-SZD-01,JPR145,RAJR018739,RAJF001433,RAJD17919
SID-CORP-SZD-01,JPR145,RAJR018739,RAJF001433,RAJD00029228
SID-CORP-SZD-01,JPR145,RAJR018739,RAJF001433,RAJD00029229
SID-CORP-SZD-01,JPR145,RAJR018739,RAJF001433,RAJD006471
SID-CORP-SZD-01,JPR145,RAJR018739,RAJF001433,RAJD00029214
SID-CORP-SZD-01,JPR145,RAJR018739,RAJF001433,RAJD6553
SID-CORP-SZD-01,JPR145,RAJR018739,RAJF001433,RAJD00029289
SID-CORP-SZD-01,JPR145,RAJR018739,RAJF001433,RAJD00029290
SID-CORP-SZD-01,JPR145,RAJR018739,RAJF001433,RAJD00029298
SID-CORP-SZD-01,JPR145,RAJR018739,RAJF001433,RAJD016971
SID-CORP-SZD-01,JPR145,RAJR018739,RAJF001433,RAJD016504
SID-CORP-SZD-01,JPR145,RAJR018739,RAJF001433,RAJD016840
SID-CORP-SZD-01,JPR145,RAJR018739,RAJF001433,RAJD018936
SID-CORP-SZD-01,JPR145,RAJR018739,RAJF001433,RAJD13595
SID-CORP-SZD-01,JPR145,RAJR018739,RAJF001433,RAJD16278
SID-CORP-SZD-01,JPR145,RAJR018739,RAJF001433,RAJD00029363
SID-CORP-SZD-01,JPR251,RAJR152,RAJF000510,RAJD005438
SID-CORP-SZD-01,JPR251,RAJR152,RAJF000510,RAJD018152
SID-CORP-SZD-01,JPR251,RAJR152,RAJF000510,RAJD11446
SID-CORP-SZD-01,JPR251,RAJR152,RAJF000510,RAJD12647
SID-CORP-SZD-01,JPR251,RAJR152,RAJF000510,RAJD1052
SID-CORP-SZD-01,JPR251,RAJR152,RAJF000510,RAJD14486
SID-CORP-SZD-01,JPR251,RAJR152,RAJF000510,RAJD017070
SID-CORP-SZD-01,JPR251,RAJR152,RAJF000510,RAJD014673
SID-CORP-SZD-01,JPR251,RAJR152,RAJF000510,RAJD12798
SID-CORP-SZD-01,JPR251,RAJR152,RAJF000510,RAJD7699
SID-CORP-SZD-01,JPR251,RAJR152,RAJF000510,RAJD003014
SID-CORP-SZD-01,JPR251,RAJR152,RAJF000510,RAJD013654
SID-CORP-SZD-01,JPR251,RAJR152,RAJF000510,RAJD016556
SID-CORP-SZD-01,JPR251,RAJR152,RAJF000510,RAJD1010
SID-CORP-SZD-01,JPR251,RAJR152,RAJF000510,RAJD7701
SID-CORP-SZD-01,JPR251,RAJR152,RAJF344,RAJD4172
SID-CORP-SZD-01,JPR251,RAJR152,RAJF344,RAJD018164
SID-CORP-SZD-01,JPR251,RAJR152,RAJF344,RAJD13136
SID-CORP-SZD-01,JPR251,RAJR152,RAJF344,RAJD16953
SID-CORP-SZD-01,JPR251,RAJR152,RAJF344,RAJD6921
SID-CORP-SZD-01,JPR251,RAJR152,RAJF344,RAJD8198
SID-CORP-SZD-01,JPR251,RAJR152,RAJF344,RAJD017342
SID-CORP-SZD-01,JPR251,RAJR152,RAJF344,RAJD1031
SID-CORP-SZD-01,JPR251,RAJR152,RAJF344,RAJD015456
SID-CORP-SZD-01,JPR251,RAJR152,RAJF344,RAJD8207
SID-CORP-SZD-01,JPR251,RAJR152,RAJF344,RAJD004913
SID-CORP-SZD-01,JPR251,RAJR152,RAJF344,RAJD009409
SID-CORP-SZD-01,JPR251,RAJR152,RAJF344,RAJD017553
SID-CORP-SZD-01,JPR251,RAJR152,RAJF344,RAJD005440
SID-CORP-SZD-01,JPR251,RAJR152,RAJF344,RAJD018379
SID-CORP-SZD-01,JPR251,RAJR152,RAJF344,RAJD1009
SID-CORP-SZD-01,JPR251,RAJR152,RAJF344,RAJD006615
SID-CORP-SZD-01,JPR251,RAJR152,RAJF344,RAJD1030
SID-CORP-SZD-01,JPR251,RAJR152,RAJF344,RAJD013161
SID-CORP-SZD-01,JPR251,RAJR152,RAJF344,RAJD016720
SID-CORP-SZD-01,JPR251,RAJR152,RAJF344,RAJD10337
SID-CORP-SZD-01,JPR251,RAJR152,RAJF343,RAJD016232
SID-CORP-SZD-01,JPR251,RAJR152,RAJF343,RAJD018114
SID-CORP-SZD-01,JPR251,RAJR152,RAJF343,RAJD018153
SID-CORP-SZD-01,JPR251,RAJR152,RAJF343,RAJD015454
SID-CORP-SZD-01,JPR251,RAJR152,RAJF343,RAJD1027
SID-CORP-SZD-01,JPR251,RAJR152,RAJF343,RAJD2793
SID-CORP-SZD-01,JPR251,RAJR152,RAJF343,RAJD7652
SID-CORP-SZD-01,JPR251,RAJR152,RAJF343,RAJD015728
SID-CORP-SZD-01,JPR251,RAJR152,RAJF343,RAJD017208
SID-CORP-SZD-01,JPR251,RAJR152,RAJF343,RAJD005439
SID-CORP-SZD-01,JPR251,RAJR152,RAJF343,RAJD007385
SID-CORP-SZD-01,JPR251,RAJR152,RAJF343,RAJD009444
SID-CORP-SZD-01,JPR251,RAJR152,RAJF343,RAJD1059
SID-CORP-SZD-01,JPR251,RAJR152,RAJF343,RAJD13060
SID-CORP-SZD-01,JPR251,RAJR152,RAJF343,RAJD011391
SID-CORP-SZD-01,JPR251,RAJR152,RAJF343,RAJD6570
SID-CORP-SZD-01,JPR251,RAJR152,RAJF791,RAJD017250
SID-CORP-SZD-01,JPR251,RAJR152,RAJF791,RAJD017592
SID-CORP-SZD-01,JPR251,RAJR152,RAJF791,RAJD004914
SID-CORP-SZD-01,JPR251,RAJR152,RAJF791,RAJD12192
SID-CORP-SZD-01,JPR251,RAJR152,RAJF791,RAJD6701
SID-CORP-SZD-01,JPR251,RAJR152,RAJF791,RAJD16450
SID-CORP-SZD-01,JPR251,RAJR152,RAJF791,RAJD017445
SID-CORP-SZD-01,JPR251,RAJR152,RAJF791,RAJD7913
SID-CORP-SZD-01,JPR251,RAJR152,RAJF791,RAJD015455
SID-CORP-SZD-01,JPR251,RAJR152,RAJF791,RAJD17192
SID-CORP-SZD-01,JPR251,RAJR152,RAJF791,RAJD014608
SID-CORP-SZD-01,JPR259,RAJR156,RAJF001334,RAJD011754
SID-CORP-SZD-01,JPR259,RAJR156,RAJF001334,RAJD7634
SID-CORP-SZD-01,JPR259,RAJR156,RAJF001334,RAJD00029461
SID-CORP-SZD-01,JPR259,RAJR156,RAJF001334,RAJD018933
SID-CORP-SZD-01,JPR259,RAJR156,RAJF001334,RAJD7632
SID-CORP-SZD-01,JPR259,RAJR156,RAJF001334,RAJD017173
SID-CORP-SZD-01,JPR259,RAJR156,RAJF001334,RAJD7633
SID-CORP-SZD-01,JPR259,RAJR156,RAJF001334,RAJD004724
SID-CORP-SZD-01,JPR259,RAJR156,RAJF001390,RAJD015974
SID-CORP-SZD-01,JPR259,RAJR156,RAJF001390,RAJD009782
SID-CORP-SZD-01,JPR259,RAJR156,RAJF001390,RAJD000379
SID-CORP-SZD-01,JPR259,RAJR156,RAJF001390,RAJD017775
SID-CORP-SZD-01,JPR259,RAJR156,RAJF001390,RAJD10222
SID-CORP-SZD-01,JPR259,RAJR156,RAJF001390,RAJD012423
SID-CORP-SZD-01,JPR259,RAJR156,RAJF001390,RAJD017909
SID-CORP-SZD-01,JPR259,RAJR156,RAJF001390,RAJD017919
SID-CORP-SZD-01,JPR259,RAJR156,RAJF001390,RAJD017682
SID-CORP-SZD-01,JPR259,RAJR156,RAJF001390,RAJD012444
SID-CORP-SZD-01,JPR259,RAJR156,RAJF001390,RAJD017845
SID-CORP-SZD-01,JPR259,RAJR156,RAJF001390,RAJD017712
SID-CORP-SZD-01,JPR259,RAJR156,RAJF001390,RAJD017065
SID-CORP-SZD-01,JPR259,RAJR156,RAJF001390,RAJD016172
SID-CORP-SZD-01,JPR259,RAJR156,RAJF001390,RAJD015696
SID-CORP-SZD-01,JPR259,RAJR156,RAJF001390,RAJD10205
SID-CORP-SZD-01,JPR259,RAJR156,RAJF001390,RAJD17758
SID-CORP-SZD-01,JPR259,RAJR156,RAJF001390,RAJD015762
SID-CORP-SZD-01,JPR259,RAJR156,RAJF001380,RAJD6253
SID-CORP-SZD-01,JPR259,RAJR156,RAJF001380,RAJD000051
SID-CORP-SZD-01,JPR259,RAJR156,RAJF001380,RAJD017289
SID-CORP-SZD-01,JPR259,RAJR156,RAJF001380,RAJD013187
SID-CORP-SZD-01,JPR259,RAJR156,RAJF001380,RAJD13342
SID-CORP-SZD-01,JPR259,RAJR156,RAJF001380,RAJD00029518
SID-CORP-SZD-01,JPR259,RAJR156,RAJF001380,RAJD00029577
SID-CORP-SZD-01,JPR259,RAJR156,RAJF001380,RAJD011297
SID-CORP-SZD-01,JPR259,RAJR156,RAJF001380,RAJD00029226
SID-CORP-SZD-01,JPR259,RAJR156,RAJF001380,RAJD018837
SID-CORP-SZD-01,JPR259,RAJR156,RAJF001380,RAJD012356
SID-CORP-SZD-01,JPR259,RAJR156,RAJF001380,RAJD013503
SID-CORP-SZD-01,JPR259,RAJR156,RAJF001380,RAJD002824
SID-CORP-SZD-01,JPR259,RAJR156,RAJF001380,RAJD6254
SID-CORP-SZD-01,JPR259,RAJR156,RAJF001380,RAJD016067
SID-CORP-SZD-01,JPR259,RAJR156,RAJF001380,RAJD6513
SID-CORP-SZD-01,JPR259,RAJR156,RAJF001380,RAJD005480
SID-CORP-SZD-01,JPR259,RAJR156,RAJF001380,RAJD013855
SID-CORP-SZD-01,JPR259,RAJR156,RAJF0000034,RAJD004700
SID-CORP-SZD-01,JPR259,RAJR156,RAJF0000034,RAJD013646
SID-CORP-SZD-01,JPR259,RAJR156,RAJF0000034,RAJD013812
SID-CORP-SZD-01,JPR259,RAJR156,RAJF0000034,RAJD17680
SID-CORP-SZD-01,JPR259,RAJR156,RAJF0000034,RAJD009890
SID-CORP-SZD-01,JPR259,RAJR156,RAJF0000034,RAJD13759
SID-CORP-SZD-01,JPR259,RAJR156,RAJF0000034,RAJD013340
SID-CORP-SZD-01,JPR259,RAJR156,RAJF0000034,RAJD17010
SID-CORP-SZD-01,JPR259,RAJR156,RAJF0000034,RAJD001259
SID-CORP-SZD-01,JPR259,RAJR156,RAJF0000034,RAJD17827
SID-CORP-SZD-01,JPR259,RAJR156,RAJF0000034,RAJD001210
SID-CORP-SZD-01,JPR259,RAJR156,RAJF0000034,RAJD014564
SID-CORP-SZD-01,JPR259,RAJR156,RAJF0000034,RAJD17098
SID-CORP-SZD-01,JPR259,RAJR156,RAJF0000034,RAJD5790
SID-CORP-SZD-01,SID005,RAJR156,RAJF0000034,RAJD009588
SID-CORP-SZD-01,JPR259,RAJR156,RAJF0000034,RAJD012220